2026-08-07 14:48:33,007 INFO     58 task_executor_common_0699cb46062d_0 log path: /ragflow/logs/task_executor_common_0699cb46062d_0.log, log levels: {'peewee': 'WARNING', 'pdfminer': 'WARNING', 'root': 'INFO'}
2026-08-07 14:48:33,008 INFO     58 Staggering startup by 0.41s to prevent connection storm
2026-08-07 14:48:33,427 INFO     58 
    ____                      __  _
   /  _/___  ____ ____  _____/ /_(_)___  ____     ________  ______   _____  _____
   / // __ \/ __ `/ _ \/ ___/ __/ / __ \/ __ \   / ___/ _ \/ ___/ | / / _ \/ ___/
 _/ // / / / /_/ /  __(__  ) /_/ / /_/ / / / /  (__  )  __/ /   | |/ /  __/ /
/___/_/ /_/\__, /\___/____/\__/_/\____/_/ /_/  /____/\___/_/    |___/\___/_/
          /____/
    
2026-08-07 14:48:33,428 INFO     58 RAGFlow ingestion version: v0.26.4
2026-08-07 14:48:33,429 INFO     58 Current configs, from /ragflow/conf/service_conf.yaml:
	ragflow: {'host': '0.0.0.0', 'http_port': 9380}
	admin: {'host': '0.0.0.0', 'http_port': 9381}
	mysql: {'name': 'rag_flow', 'user': 'root', 'password': '********', 'host': 'mysql', 'port': 3306, 'max_connections': 900, 'stale_timeout': 300, 'max_allowed_packet': 1073741824}
	minio: {'user': 'rag_flow', 'password': '********', 'host': 'minio:9000', 'bucket': '', 'prefix_path': ''}
	es: {'hosts': 'http://es01:9200', 'username': 'elastic', 'password': '********'}
	os: {'hosts': 'http://opensearch01:9201', 'username': 'admin', 'password': '********'}
	infinity: {'uri': 'infinity:23817', 'postgres_port': 5432, 'db_name': 'default_db'}
	oceanbase: {'scheme': 'oceanbase', 'config': {'db_name': 'test', 'user': 'root@ragflow', 'password': 'infini_rag_flow', 'host': 'oceanbase', 'port': 2881}}
	seekdb: {'scheme': 'oceanbase', 'config': {'db_name': 'ragflow_doc', 'user': 'root', 'password': 'infini_rag_flow', 'host': 'seekdb', 'port': 2881}}
	redis: {'db': 1, 'username': '', 'password': '********', 'host': 'redis:6379'}
	nats: {'host': '0.0.0.0', 'port': 4222}
	task_executor: {'message_queue_type': 'nats'}
	file_syncer: {'max_concurrent_syncs': 4, 'sync_interval': 3}
	user_default_llm: {'default_models': {'embedding_model': {'api_key': 'xxx', 'base_url': 'http://:80'}}}
2026-08-07 14:48:33,438 INFO     58 GET http://es01:9200/ [status:200 duration:0.006s]
2026-08-07 14:48:33,441 INFO     58 HEAD http://es01:9200/ [status:200 duration:0.002s]
2026-08-07 14:48:33,441 INFO     58 Use Elasticsearch http://es01:9200 as the doc engine.
2026-08-07 14:48:33,442 INFO     58 Elasticsearch http://es01:9200 is healthy.
2026-08-07 14:48:33,442 INFO     58 Use Elasticsearch http://es01:9200 as the doc engine.
2026-08-07 14:48:33,442 INFO     58 Elasticsearch http://es01:9200 is healthy.
2026-08-07 14:48:33,445 WARNING  58 Load term.freq FAIL!
2026-08-07 14:48:33,458 WARNING  58 Load term.freq FAIL!
2026-08-07 14:48:33,463 INFO     58 can't import package 'torch'
2026-08-07 14:48:33,463 INFO     58 default embedding config: {'model': '', 'factory': '', 'api_key': 'xxx', 'base_url': 'http://:80'}
2026-08-07 14:48:33,463 INFO     58 MAX_CONTENT_LENGTH: 134217728
2026-08-07 14:48:33,464 INFO     58 MAX_FILE_COUNT_PER_USER: 0
2026-08-07 14:48:33,464 INFO     58 RAGFlow ingestion is ready after 0.4882392883300781s initialization.
2026-08-07 14:48:33,465 WARNING  58 RedisDB.queue_info te.0.common got exception: no such key
2026-08-07 14:48:33,467 WARNING  58 RedisDB.queue_info te.0.common got exception: no such key
2026-08-07 14:48:33,468 WARNING  58 RedisDB.queue_info te.0.common got exception: no such key
2026-08-07 14:48:33,471 WARNING  58 RedisDB.get_unacked_iterator queue te.1.common doesn't exist
2026-08-07 14:48:33,472 WARNING  58 RedisDB.get_unacked_iterator queue te.0.common doesn't exist
2026-08-07 14:51:08,349 ERROR    58 RedisDB.queue_consumer te.1.common got exception: Error -2 connecting to redis:6379. Name or service not known.
Traceback (most recent call last):
  File "/ragflow/rag/svr/task_executor.py", line 212, in collect
    redis_msg = next(UNACKED_ITERATOR)
StopIteration

During handling of the above exception, another exception occurred:

Traceback (most recent call last):
  File "/ragflow/.venv/lib/python3.13/site-packages/valkey/connection.py", line 1116, in get_connection
    if connection.can_read() and connection.client_cache is None:
       ~~~~~~~~~~~~~~~~~~~^^
  File "/ragflow/.venv/lib/python3.13/site-packages/valkey/connection.py", line 524, in can_read
    return self._parser.can_read(timeout)
           ~~~~~~~~~~~~~~~~~~~~~^^^^^^^^^
  File "/ragflow/.venv/lib/python3.13/site-packages/valkey/_parsers/base.py", line 128, in can_read
    return self._buffer and self._buffer.can_read(timeout)
                            ~~~~~~~~~~~~~~~~~~~~~^^^^^^^^^
  File "/ragflow/.venv/lib/python3.13/site-packages/valkey/_parsers/socket.py", line 95, in can_read
    return bool(self.unread_bytes()) or self._read_from_socket(
                                        ~~~~~~~~~~~~~~~~~~~~~~^
        timeout=timeout, raise_on_timeout=False
        ^^^^^^^^^^^^^^^^^^^^^^^^^^^^^^^^^^^^^^^
    )
    ^
  File "/ragflow/.venv/lib/python3.13/site-packages/valkey/_parsers/socket.py", line 68, in _read_from_socket
    raise ConnectionError(SERVER_CLOSED_CONNECTION_ERROR)
valkey.exceptions.ConnectionError: Connection closed by server.

During handling of the above exception, another exception occurred:

Traceback (most recent call last):
  File "/ragflow/.venv/lib/python3.13/site-packages/valkey/connection.py", line 302, in connect
    sock = self.retry.call_with_retry(
        lambda: self._connect(), lambda error: self.disconnect(error)
    )
  File "/ragflow/.venv/lib/python3.13/site-packages/valkey/retry.py", line 62, in call_with_retry
    return do()
  File "/ragflow/.venv/lib/python3.13/site-packages/valkey/connection.py", line 303, in <lambda>
    lambda: self._connect(), lambda error: self.disconnect(error)
            ~~~~~~~~~~~~~^^
  File "/ragflow/.venv/lib/python3.13/site-packages/valkey/connection.py", line 696, in _connect
    for res in socket.getaddrinfo(
               ~~~~~~~~~~~~~~~~~~^
        self.host, self.port, self.socket_type, socket.SOCK_STREAM
        ^^^^^^^^^^^^^^^^^^^^^^^^^^^^^^^^^^^^^^^^^^^^^^^^^^^^^^^^^^
    ):
    ^
  File "/ragflow/common/ssrf_guard.py", line 57, in _getaddrinfo_with_pins
    return _orig_getaddrinfo(host, port, *args, **kwargs)
  File "/root/.local/share/uv/python/cpython-3.13.11-linux-aarch64-gnu/lib/python3.13/socket.py", line 977, in getaddrinfo
    for res in _socket.getaddrinfo(host, port, family, type, proto, flags):
               ~~~~~~~~~~~~~~~~~~~^^^^^^^^^^^^^^^^^^^^^^^^^^^^^^^^^^^^^^^^
socket.gaierror: [Errno -2] Name or service not known

During handling of the above exception, another exception occurred:

Traceback (most recent call last):
  File "/ragflow/rag/utils/redis_conn.py", line 420, in queue_consumer
    group_info = self.REDIS.xinfo_groups(queue_name)
  File "/ragflow/.venv/lib/python3.13/site-packages/valkey/commands/core.py", line 3810, in xinfo_groups
    return self.execute_command("XINFO GROUPS", name)
           ~~~~~~~~~~~~~~~~~~~~^^^^^^^^^^^^^^^^^^^^^^
  File "/ragflow/.venv/lib/python3.13/site-packages/valkey/client.py", line 564, in execute_command
    conn = self.connection or pool.get_connection(command_name, **options)
                              ~~~~~~~~~~~~~~~~~~~^^^^^^^^^^^^^^^^^^^^^^^^^
  File "/ragflow/.venv/lib/python3.13/site-packages/valkey/connection.py", line 1120, in get_connection
    connection.connect()
    ~~~~~~~~~~~~~~~~~~^^
  File "/ragflow/.venv/lib/python3.13/site-packages/valkey/connection.py", line 308, in connect
    raise ConnectionError(self._error_message(e))
valkey.exceptions.ConnectionError: Error -2 connecting to redis:6379. Name or service not known.
2026-08-07 14:51:08,370 ERROR    58 RedisDB.queue_consumer te.1.common got exception: Error -2 connecting to redis:6379. Name or service not known.
Traceback (most recent call last):
  File "/ragflow/rag/svr/task_executor.py", line 212, in collect
    redis_msg = next(UNACKED_ITERATOR)
StopIteration

During handling of the above exception, another exception occurred:

Traceback (most recent call last):
  File "/ragflow/.venv/lib/python3.13/site-packages/valkey/connection.py", line 302, in connect
    sock = self.retry.call_with_retry(
        lambda: self._connect(), lambda error: self.disconnect(error)
    )
  File "/ragflow/.venv/lib/python3.13/site-packages/valkey/retry.py", line 62, in call_with_retry
    return do()
  File "/ragflow/.venv/lib/python3.13/site-packages/valkey/connection.py", line 303, in <lambda>
    lambda: self._connect(), lambda error: self.disconnect(error)
            ~~~~~~~~~~~~~^^
  File "/ragflow/.venv/lib/python3.13/site-packages/valkey/connection.py", line 696, in _connect
    for res in socket.getaddrinfo(
               ~~~~~~~~~~~~~~~~~~^
        self.host, self.port, self.socket_type, socket.SOCK_STREAM
        ^^^^^^^^^^^^^^^^^^^^^^^^^^^^^^^^^^^^^^^^^^^^^^^^^^^^^^^^^^
    ):
    ^
  File "/ragflow/common/ssrf_guard.py", line 57, in _getaddrinfo_with_pins
    return _orig_getaddrinfo(host, port, *args, **kwargs)
  File "/root/.local/share/uv/python/cpython-3.13.11-linux-aarch64-gnu/lib/python3.13/socket.py", line 977, in getaddrinfo
    for res in _socket.getaddrinfo(host, port, family, type, proto, flags):
               ~~~~~~~~~~~~~~~~~~~^^^^^^^^^^^^^^^^^^^^^^^^^^^^^^^^^^^^^^^^
socket.gaierror: [Errno -2] Name or service not known

During handling of the above exception, another exception occurred:

Traceback (most recent call last):
  File "/ragflow/rag/utils/redis_conn.py", line 420, in queue_consumer
    group_info = self.REDIS.xinfo_groups(queue_name)
  File "/ragflow/.venv/lib/python3.13/site-packages/valkey/commands/core.py", line 3810, in xinfo_groups
    return self.execute_command("XINFO GROUPS", name)
           ~~~~~~~~~~~~~~~~~~~~^^^^^^^^^^^^^^^^^^^^^^
  File "/ragflow/.venv/lib/python3.13/site-packages/valkey/client.py", line 564, in execute_command
    conn = self.connection or pool.get_connection(command_name, **options)
                              ~~~~~~~~~~~~~~~~~~~^^^^^^^^^^^^^^^^^^^^^^^^^
  File "/ragflow/.venv/lib/python3.13/site-packages/valkey/connection.py", line 1107, in get_connection
    connection.connect()
    ~~~~~~~~~~~~~~~~~~^^
  File "/ragflow/.venv/lib/python3.13/site-packages/valkey/connection.py", line 308, in connect
    raise ConnectionError(self._error_message(e))
valkey.exceptions.ConnectionError: Error -2 connecting to redis:6379. Name or service not known.
2026-08-07 14:51:08,374 ERROR    58 RedisDB.queue_consumer te.1.common got exception: Error -2 connecting to redis:6379. Name or service not known.
Traceback (most recent call last):
  File "/ragflow/rag/svr/task_executor.py", line 212, in collect
    redis_msg = next(UNACKED_ITERATOR)
StopIteration

During handling of the above exception, another exception occurred:

Traceback (most recent call last):
  File "/ragflow/.venv/lib/python3.13/site-packages/valkey/connection.py", line 302, in connect
    sock = self.retry.call_with_retry(
        lambda: self._connect(), lambda error: self.disconnect(error)
    )
  File "/ragflow/.venv/lib/python3.13/site-packages/valkey/retry.py", line 62, in call_with_retry
    return do()
  File "/ragflow/.venv/lib/python3.13/site-packages/valkey/connection.py", line 303, in <lambda>
    lambda: self._connect(), lambda error: self.disconnect(error)
            ~~~~~~~~~~~~~^^
  File "/ragflow/.venv/lib/python3.13/site-packages/valkey/connection.py", line 696, in _connect
    for res in socket.getaddrinfo(
               ~~~~~~~~~~~~~~~~~~^
        self.host, self.port, self.socket_type, socket.SOCK_STREAM
        ^^^^^^^^^^^^^^^^^^^^^^^^^^^^^^^^^^^^^^^^^^^^^^^^^^^^^^^^^^
    ):
    ^
  File "/ragflow/common/ssrf_guard.py", line 57, in _getaddrinfo_with_pins
    return _orig_getaddrinfo(host, port, *args, **kwargs)
  File "/root/.local/share/uv/python/cpython-3.13.11-linux-aarch64-gnu/lib/python3.13/socket.py", line 977, in getaddrinfo
    for res in _socket.getaddrinfo(host, port, family, type, proto, flags):
               ~~~~~~~~~~~~~~~~~~~^^^^^^^^^^^^^^^^^^^^^^^^^^^^^^^^^^^^^^^^
socket.gaierror: [Errno -2] Name or service not known

During handling of the above exception, another exception occurred:

Traceback (most recent call last):
  File "/ragflow/rag/utils/redis_conn.py", line 420, in queue_consumer
    group_info = self.REDIS.xinfo_groups(queue_name)
  File "/ragflow/.venv/lib/python3.13/site-packages/valkey/commands/core.py", line 3810, in xinfo_groups
    return self.execute_command("XINFO GROUPS", name)
           ~~~~~~~~~~~~~~~~~~~~^^^^^^^^^^^^^^^^^^^^^^
  File "/ragflow/.venv/lib/python3.13/site-packages/valkey/client.py", line 564, in execute_command
    conn = self.connection or pool.get_connection(command_name, **options)
                              ~~~~~~~~~~~~~~~~~~~^^^^^^^^^^^^^^^^^^^^^^^^^
  File "/ragflow/.venv/lib/python3.13/site-packages/valkey/connection.py", line 1107, in get_connection
    connection.connect()
    ~~~~~~~~~~~~~~~~~~^^
  File "/ragflow/.venv/lib/python3.13/site-packages/valkey/connection.py", line 308, in connect
    raise ConnectionError(self._error_message(e))
valkey.exceptions.ConnectionError: Error -2 connecting to redis:6379. Name or service not known.
2026-08-07 14:51:08,377 ERROR    58 RedisDB.queue_consumer te.0.common got exception: Error -2 connecting to redis:6379. Name or service not known.
Traceback (most recent call last):
  File "/ragflow/rag/svr/task_executor.py", line 212, in collect
    redis_msg = next(UNACKED_ITERATOR)
StopIteration

During handling of the above exception, another exception occurred:

Traceback (most recent call last):
  File "/ragflow/.venv/lib/python3.13/site-packages/valkey/connection.py", line 302, in connect
    sock = self.retry.call_with_retry(
        lambda: self._connect(), lambda error: self.disconnect(error)
    )
  File "/ragflow/.venv/lib/python3.13/site-packages/valkey/retry.py", line 62, in call_with_retry
    return do()
  File "/ragflow/.venv/lib/python3.13/site-packages/valkey/connection.py", line 303, in <lambda>
    lambda: self._connect(), lambda error: self.disconnect(error)
            ~~~~~~~~~~~~~^^
  File "/ragflow/.venv/lib/python3.13/site-packages/valkey/connection.py", line 696, in _connect
    for res in socket.getaddrinfo(
               ~~~~~~~~~~~~~~~~~~^
        self.host, self.port, self.socket_type, socket.SOCK_STREAM
        ^^^^^^^^^^^^^^^^^^^^^^^^^^^^^^^^^^^^^^^^^^^^^^^^^^^^^^^^^^
    ):
    ^
  File "/ragflow/common/ssrf_guard.py", line 57, in _getaddrinfo_with_pins
    return _orig_getaddrinfo(host, port, *args, **kwargs)
  File "/root/.local/share/uv/python/cpython-3.13.11-linux-aarch64-gnu/lib/python3.13/socket.py", line 977, in getaddrinfo
    for res in _socket.getaddrinfo(host, port, family, type, proto, flags):
               ~~~~~~~~~~~~~~~~~~~^^^^^^^^^^^^^^^^^^^^^^^^^^^^^^^^^^^^^^^^
socket.gaierror: [Errno -2] Name or service not known

During handling of the above exception, another exception occurred:

Traceback (most recent call last):
  File "/ragflow/rag/utils/redis_conn.py", line 420, in queue_consumer
    group_info = self.REDIS.xinfo_groups(queue_name)
  File "/ragflow/.venv/lib/python3.13/site-packages/valkey/commands/core.py", line 3810, in xinfo_groups
    return self.execute_command("XINFO GROUPS", name)
           ~~~~~~~~~~~~~~~~~~~~^^^^^^^^^^^^^^^^^^^^^^
  File "/ragflow/.venv/lib/python3.13/site-packages/valkey/client.py", line 564, in execute_command
    conn = self.connection or pool.get_connection(command_name, **options)
                              ~~~~~~~~~~~~~~~~~~~^^^^^^^^^^^^^^^^^^^^^^^^^
  File "/ragflow/.venv/lib/python3.13/site-packages/valkey/connection.py", line 1107, in get_connection
    connection.connect()
    ~~~~~~~~~~~~~~~~~~^^
  File "/ragflow/.venv/lib/python3.13/site-packages/valkey/connection.py", line 308, in connect
    raise ConnectionError(self._error_message(e))
valkey.exceptions.ConnectionError: Error -2 connecting to redis:6379. Name or service not known.
2026-08-07 14:51:08,382 ERROR    58 RedisDB.queue_consumer te.0.common got exception: Error -2 connecting to redis:6379. Name or service not known.
Traceback (most recent call last):
  File "/ragflow/rag/svr/task_executor.py", line 212, in collect
    redis_msg = next(UNACKED_ITERATOR)
StopIteration

During handling of the above exception, another exception occurred:

Traceback (most recent call last):
  File "/ragflow/.venv/lib/python3.13/site-packages/valkey/connection.py", line 302, in connect
    sock = self.retry.call_with_retry(
        lambda: self._connect(), lambda error: self.disconnect(error)
    )
  File "/ragflow/.venv/lib/python3.13/site-packages/valkey/retry.py", line 62, in call_with_retry
    return do()
  File "/ragflow/.venv/lib/python3.13/site-packages/valkey/connection.py", line 303, in <lambda>
    lambda: self._connect(), lambda error: self.disconnect(error)
            ~~~~~~~~~~~~~^^
  File "/ragflow/.venv/lib/python3.13/site-packages/valkey/connection.py", line 696, in _connect
    for res in socket.getaddrinfo(
               ~~~~~~~~~~~~~~~~~~^
        self.host, self.port, self.socket_type, socket.SOCK_STREAM
        ^^^^^^^^^^^^^^^^^^^^^^^^^^^^^^^^^^^^^^^^^^^^^^^^^^^^^^^^^^
    ):
    ^
  File "/ragflow/common/ssrf_guard.py", line 57, in _getaddrinfo_with_pins
    return _orig_getaddrinfo(host, port, *args, **kwargs)
  File "/root/.local/share/uv/python/cpython-3.13.11-linux-aarch64-gnu/lib/python3.13/socket.py", line 977, in getaddrinfo
    for res in _socket.getaddrinfo(host, port, family, type, proto, flags):
               ~~~~~~~~~~~~~~~~~~~^^^^^^^^^^^^^^^^^^^^^^^^^^^^^^^^^^^^^^^^
socket.gaierror: [Errno -2] Name or service not known

During handling of the above exception, another exception occurred:

Traceback (most recent call last):
  File "/ragflow/rag/utils/redis_conn.py", line 420, in queue_consumer
    group_info = self.REDIS.xinfo_groups(queue_name)
  File "/ragflow/.venv/lib/python3.13/site-packages/valkey/commands/core.py", line 3810, in xinfo_groups
    return self.execute_command("XINFO GROUPS", name)
           ~~~~~~~~~~~~~~~~~~~~^^^^^^^^^^^^^^^^^^^^^^
  File "/ragflow/.venv/lib/python3.13/site-packages/valkey/client.py", line 564, in execute_command
    conn = self.connection or pool.get_connection(command_name, **options)
                              ~~~~~~~~~~~~~~~~~~~^^^^^^^^^^^^^^^^^^^^^^^^^
  File "/ragflow/.venv/lib/python3.13/site-packages/valkey/connection.py", line 1107, in get_connection
    connection.connect()
    ~~~~~~~~~~~~~~~~~~^^
  File "/ragflow/.venv/lib/python3.13/site-packages/valkey/connection.py", line 308, in connect
    raise ConnectionError(self._error_message(e))
valkey.exceptions.ConnectionError: Error -2 connecting to redis:6379. Name or service not known.
2026-08-07 14:51:08,386 ERROR    58 RedisDB.queue_consumer te.0.common got exception: Error -2 connecting to redis:6379. Name or service not known.
Traceback (most recent call last):
  File "/ragflow/rag/svr/task_executor.py", line 212, in collect
    redis_msg = next(UNACKED_ITERATOR)
StopIteration

During handling of the above exception, another exception occurred:

Traceback (most recent call last):
  File "/ragflow/.venv/lib/python3.13/site-packages/valkey/connection.py", line 302, in connect
    sock = self.retry.call_with_retry(
        lambda: self._connect(), lambda error: self.disconnect(error)
    )
  File "/ragflow/.venv/lib/python3.13/site-packages/valkey/retry.py", line 62, in call_with_retry
    return do()
  File "/ragflow/.venv/lib/python3.13/site-packages/valkey/connection.py", line 303, in <lambda>
    lambda: self._connect(), lambda error: self.disconnect(error)
            ~~~~~~~~~~~~~^^
  File "/ragflow/.venv/lib/python3.13/site-packages/valkey/connection.py", line 696, in _connect
    for res in socket.getaddrinfo(
               ~~~~~~~~~~~~~~~~~~^
        self.host, self.port, self.socket_type, socket.SOCK_STREAM
        ^^^^^^^^^^^^^^^^^^^^^^^^^^^^^^^^^^^^^^^^^^^^^^^^^^^^^^^^^^
    ):
    ^
  File "/ragflow/common/ssrf_guard.py", line 57, in _getaddrinfo_with_pins
    return _orig_getaddrinfo(host, port, *args, **kwargs)
  File "/root/.local/share/uv/python/cpython-3.13.11-linux-aarch64-gnu/lib/python3.13/socket.py", line 977, in getaddrinfo
    for res in _socket.getaddrinfo(host, port, family, type, proto, flags):
               ~~~~~~~~~~~~~~~~~~~^^^^^^^^^^^^^^^^^^^^^^^^^^^^^^^^^^^^^^^^
socket.gaierror: [Errno -2] Name or service not known

During handling of the above exception, another exception occurred:

Traceback (most recent call last):
  File "/ragflow/rag/utils/redis_conn.py", line 420, in queue_consumer
    group_info = self.REDIS.xinfo_groups(queue_name)
  File "/ragflow/.venv/lib/python3.13/site-packages/valkey/commands/core.py", line 3810, in xinfo_groups
    return self.execute_command("XINFO GROUPS", name)
           ~~~~~~~~~~~~~~~~~~~~^^^^^^^^^^^^^^^^^^^^^^
  File "/ragflow/.venv/lib/python3.13/site-packages/valkey/client.py", line 564, in execute_command
    conn = self.connection or pool.get_connection(command_name, **options)
                              ~~~~~~~~~~~~~~~~~~~^^^^^^^^^^^^^^^^^^^^^^^^^
  File "/ragflow/.venv/lib/python3.13/site-packages/valkey/connection.py", line 1107, in get_connection
    connection.connect()
    ~~~~~~~~~~~~~~~~~~^^
  File "/ragflow/.venv/lib/python3.13/site-packages/valkey/connection.py", line 308, in connect
    raise ConnectionError(self._error_message(e))
valkey.exceptions.ConnectionError: Error -2 connecting to redis:6379. Name or service not known.
2026-08-07 14:51:08,542 ERROR    58 RedisDB.queue_consumer te.1.common got exception: Error -2 connecting to redis:6379. Name or service not known.
Traceback (most recent call last):
  File "/ragflow/rag/svr/task_executor.py", line 212, in collect
    redis_msg = next(UNACKED_ITERATOR)
StopIteration

During handling of the above exception, another exception occurred:

Traceback (most recent call last):
  File "/ragflow/.venv/lib/python3.13/site-packages/valkey/connection.py", line 302, in connect
    sock = self.retry.call_with_retry(
        lambda: self._connect(), lambda error: self.disconnect(error)
    )
  File "/ragflow/.venv/lib/python3.13/site-packages/valkey/retry.py", line 62, in call_with_retry
    return do()
  File "/ragflow/.venv/lib/python3.13/site-packages/valkey/connection.py", line 303, in <lambda>
    lambda: self._connect(), lambda error: self.disconnect(error)
            ~~~~~~~~~~~~~^^
  File "/ragflow/.venv/lib/python3.13/site-packages/valkey/connection.py", line 696, in _connect
    for res in socket.getaddrinfo(
               ~~~~~~~~~~~~~~~~~~^
        self.host, self.port, self.socket_type, socket.SOCK_STREAM
        ^^^^^^^^^^^^^^^^^^^^^^^^^^^^^^^^^^^^^^^^^^^^^^^^^^^^^^^^^^
    ):
    ^
  File "/ragflow/common/ssrf_guard.py", line 57, in _getaddrinfo_with_pins
    return _orig_getaddrinfo(host, port, *args, **kwargs)
  File "/root/.local/share/uv/python/cpython-3.13.11-linux-aarch64-gnu/lib/python3.13/socket.py", line 977, in getaddrinfo
    for res in _socket.getaddrinfo(host, port, family, type, proto, flags):
               ~~~~~~~~~~~~~~~~~~~^^^^^^^^^^^^^^^^^^^^^^^^^^^^^^^^^^^^^^^^
socket.gaierror: [Errno -2] Name or service not known

During handling of the above exception, another exception occurred:

Traceback (most recent call last):
  File "/ragflow/rag/utils/redis_conn.py", line 420, in queue_consumer
    group_info = self.REDIS.xinfo_groups(queue_name)
  File "/ragflow/.venv/lib/python3.13/site-packages/valkey/commands/core.py", line 3810, in xinfo_groups
    return self.execute_command("XINFO GROUPS", name)
           ~~~~~~~~~~~~~~~~~~~~^^^^^^^^^^^^^^^^^^^^^^
  File "/ragflow/.venv/lib/python3.13/site-packages/valkey/client.py", line 564, in execute_command
    conn = self.connection or pool.get_connection(command_name, **options)
                              ~~~~~~~~~~~~~~~~~~~^^^^^^^^^^^^^^^^^^^^^^^^^
  File "/ragflow/.venv/lib/python3.13/site-packages/valkey/connection.py", line 1107, in get_connection
    connection.connect()
    ~~~~~~~~~~~~~~~~~~^^
  File "/ragflow/.venv/lib/python3.13/site-packages/valkey/connection.py", line 308, in connect
    raise ConnectionError(self._error_message(e))
valkey.exceptions.ConnectionError: Error -2 connecting to redis:6379. Name or service not known.
2026-08-07 14:51:08,546 ERROR    58 RedisDB.queue_consumer te.1.common got exception: Error -2 connecting to redis:6379. Name or service not known.
Traceback (most recent call last):
  File "/ragflow/rag/svr/task_executor.py", line 212, in collect
    redis_msg = next(UNACKED_ITERATOR)
StopIteration

During handling of the above exception, another exception occurred:

Traceback (most recent call last):
  File "/ragflow/.venv/lib/python3.13/site-packages/valkey/connection.py", line 302, in connect
    sock = self.retry.call_with_retry(
        lambda: self._connect(), lambda error: self.disconnect(error)
    )
  File "/ragflow/.venv/lib/python3.13/site-packages/valkey/retry.py", line 62, in call_with_retry
    return do()
  File "/ragflow/.venv/lib/python3.13/site-packages/valkey/connection.py", line 303, in <lambda>
    lambda: self._connect(), lambda error: self.disconnect(error)
            ~~~~~~~~~~~~~^^
  File "/ragflow/.venv/lib/python3.13/site-packages/valkey/connection.py", line 696, in _connect
    for res in socket.getaddrinfo(
               ~~~~~~~~~~~~~~~~~~^
        self.host, self.port, self.socket_type, socket.SOCK_STREAM
        ^^^^^^^^^^^^^^^^^^^^^^^^^^^^^^^^^^^^^^^^^^^^^^^^^^^^^^^^^^
    ):
    ^
  File "/ragflow/common/ssrf_guard.py", line 57, in _getaddrinfo_with_pins
    return _orig_getaddrinfo(host, port, *args, **kwargs)
  File "/root/.local/share/uv/python/cpython-3.13.11-linux-aarch64-gnu/lib/python3.13/socket.py", line 977, in getaddrinfo
    for res in _socket.getaddrinfo(host, port, family, type, proto, flags):
               ~~~~~~~~~~~~~~~~~~~^^^^^^^^^^^^^^^^^^^^^^^^^^^^^^^^^^^^^^^^
socket.gaierror: [Errno -2] Name or service not known

During handling of the above exception, another exception occurred:

Traceback (most recent call last):
  File "/ragflow/rag/utils/redis_conn.py", line 420, in queue_consumer
    group_info = self.REDIS.xinfo_groups(queue_name)
  File "/ragflow/.venv/lib/python3.13/site-packages/valkey/commands/core.py", line 3810, in xinfo_groups
    return self.execute_command("XINFO GROUPS", name)
           ~~~~~~~~~~~~~~~~~~~~^^^^^^^^^^^^^^^^^^^^^^
  File "/ragflow/.venv/lib/python3.13/site-packages/valkey/client.py", line 564, in execute_command
    conn = self.connection or pool.get_connection(command_name, **options)
                              ~~~~~~~~~~~~~~~~~~~^^^^^^^^^^^^^^^^^^^^^^^^^
  File "/ragflow/.venv/lib/python3.13/site-packages/valkey/connection.py", line 1107, in get_connection
    connection.connect()
    ~~~~~~~~~~~~~~~~~~^^
  File "/ragflow/.venv/lib/python3.13/site-packages/valkey/connection.py", line 308, in connect
    raise ConnectionError(self._error_message(e))
valkey.exceptions.ConnectionError: Error -2 connecting to redis:6379. Name or service not known.
2026-08-07 14:51:08,551 ERROR    58 RedisDB.queue_consumer te.1.common got exception: Error -2 connecting to redis:6379. Name or service not known.
Traceback (most recent call last):
  File "/ragflow/rag/svr/task_executor.py", line 212, in collect
    redis_msg = next(UNACKED_ITERATOR)
StopIteration

During handling of the above exception, another exception occurred:

Traceback (most recent call last):
  File "/ragflow/.venv/lib/python3.13/site-packages/valkey/connection.py", line 302, in connect
    sock = self.retry.call_with_retry(
        lambda: self._connect(), lambda error: self.disconnect(error)
    )
  File "/ragflow/.venv/lib/python3.13/site-packages/valkey/retry.py", line 62, in call_with_retry
    return do()
  File "/ragflow/.venv/lib/python3.13/site-packages/valkey/connection.py", line 303, in <lambda>
    lambda: self._connect(), lambda error: self.disconnect(error)
            ~~~~~~~~~~~~~^^
  File "/ragflow/.venv/lib/python3.13/site-packages/valkey/connection.py", line 696, in _connect
    for res in socket.getaddrinfo(
               ~~~~~~~~~~~~~~~~~~^
        self.host, self.port, self.socket_type, socket.SOCK_STREAM
        ^^^^^^^^^^^^^^^^^^^^^^^^^^^^^^^^^^^^^^^^^^^^^^^^^^^^^^^^^^
    ):
    ^
  File "/ragflow/common/ssrf_guard.py", line 57, in _getaddrinfo_with_pins
    return _orig_getaddrinfo(host, port, *args, **kwargs)
  File "/root/.local/share/uv/python/cpython-3.13.11-linux-aarch64-gnu/lib/python3.13/socket.py", line 977, in getaddrinfo
    for res in _socket.getaddrinfo(host, port, family, type, proto, flags):
               ~~~~~~~~~~~~~~~~~~~^^^^^^^^^^^^^^^^^^^^^^^^^^^^^^^^^^^^^^^^
socket.gaierror: [Errno -2] Name or service not known

During handling of the above exception, another exception occurred:

Traceback (most recent call last):
  File "/ragflow/rag/utils/redis_conn.py", line 420, in queue_consumer
    group_info = self.REDIS.xinfo_groups(queue_name)
  File "/ragflow/.venv/lib/python3.13/site-packages/valkey/commands/core.py", line 3810, in xinfo_groups
    return self.execute_command("XINFO GROUPS", name)
           ~~~~~~~~~~~~~~~~~~~~^^^^^^^^^^^^^^^^^^^^^^
  File "/ragflow/.venv/lib/python3.13/site-packages/valkey/client.py", line 564, in execute_command
    conn = self.connection or pool.get_connection(command_name, **options)
                              ~~~~~~~~~~~~~~~~~~~^^^^^^^^^^^^^^^^^^^^^^^^^
  File "/ragflow/.venv/lib/python3.13/site-packages/valkey/connection.py", line 1107, in get_connection
    connection.connect()
    ~~~~~~~~~~~~~~~~~~^^
  File "/ragflow/.venv/lib/python3.13/site-packages/valkey/connection.py", line 308, in connect
    raise ConnectionError(self._error_message(e))
valkey.exceptions.ConnectionError: Error -2 connecting to redis:6379. Name or service not known.
2026-08-07 14:51:08,556 ERROR    58 RedisDB.queue_consumer te.0.common got exception: Error -2 connecting to redis:6379. Name or service not known.
Traceback (most recent call last):
  File "/ragflow/rag/svr/task_executor.py", line 212, in collect
    redis_msg = next(UNACKED_ITERATOR)
StopIteration

During handling of the above exception, another exception occurred:

Traceback (most recent call last):
  File "/ragflow/.venv/lib/python3.13/site-packages/valkey/connection.py", line 302, in connect
    sock = self.retry.call_with_retry(
        lambda: self._connect(), lambda error: self.disconnect(error)
    )
  File "/ragflow/.venv/lib/python3.13/site-packages/valkey/retry.py", line 62, in call_with_retry
    return do()
  File "/ragflow/.venv/lib/python3.13/site-packages/valkey/connection.py", line 303, in <lambda>
    lambda: self._connect(), lambda error: self.disconnect(error)
            ~~~~~~~~~~~~~^^
  File "/ragflow/.venv/lib/python3.13/site-packages/valkey/connection.py", line 696, in _connect
    for res in socket.getaddrinfo(
               ~~~~~~~~~~~~~~~~~~^
        self.host, self.port, self.socket_type, socket.SOCK_STREAM
        ^^^^^^^^^^^^^^^^^^^^^^^^^^^^^^^^^^^^^^^^^^^^^^^^^^^^^^^^^^
    ):
    ^
  File "/ragflow/common/ssrf_guard.py", line 57, in _getaddrinfo_with_pins
    return _orig_getaddrinfo(host, port, *args, **kwargs)
  File "/root/.local/share/uv/python/cpython-3.13.11-linux-aarch64-gnu/lib/python3.13/socket.py", line 977, in getaddrinfo
    for res in _socket.getaddrinfo(host, port, family, type, proto, flags):
               ~~~~~~~~~~~~~~~~~~~^^^^^^^^^^^^^^^^^^^^^^^^^^^^^^^^^^^^^^^^
socket.gaierror: [Errno -2] Name or service not known

During handling of the above exception, another exception occurred:

Traceback (most recent call last):
  File "/ragflow/rag/utils/redis_conn.py", line 420, in queue_consumer
    group_info = self.REDIS.xinfo_groups(queue_name)
  File "/ragflow/.venv/lib/python3.13/site-packages/valkey/commands/core.py", line 3810, in xinfo_groups
    return self.execute_command("XINFO GROUPS", name)
           ~~~~~~~~~~~~~~~~~~~~^^^^^^^^^^^^^^^^^^^^^^
  File "/ragflow/.venv/lib/python3.13/site-packages/valkey/client.py", line 564, in execute_command
    conn = self.connection or pool.get_connection(command_name, **options)
                              ~~~~~~~~~~~~~~~~~~~^^^^^^^^^^^^^^^^^^^^^^^^^
  File "/ragflow/.venv/lib/python3.13/site-packages/valkey/connection.py", line 1107, in get_connection
    connection.connect()
    ~~~~~~~~~~~~~~~~~~^^
  File "/ragflow/.venv/lib/python3.13/site-packages/valkey/connection.py", line 308, in connect
    raise ConnectionError(self._error_message(e))
valkey.exceptions.ConnectionError: Error -2 connecting to redis:6379. Name or service not known.
2026-08-07 14:51:08,560 ERROR    58 RedisDB.queue_consumer te.0.common got exception: Error -2 connecting to redis:6379. Name or service not known.
Traceback (most recent call last):
  File "/ragflow/rag/svr/task_executor.py", line 212, in collect
    redis_msg = next(UNACKED_ITERATOR)
StopIteration

During handling of the above exception, another exception occurred:

Traceback (most recent call last):
  File "/ragflow/.venv/lib/python3.13/site-packages/valkey/connection.py", line 302, in connect
    sock = self.retry.call_with_retry(
        lambda: self._connect(), lambda error: self.disconnect(error)
    )
  File "/ragflow/.venv/lib/python3.13/site-packages/valkey/retry.py", line 62, in call_with_retry
    return do()
  File "/ragflow/.venv/lib/python3.13/site-packages/valkey/connection.py", line 303, in <lambda>
    lambda: self._connect(), lambda error: self.disconnect(error)
            ~~~~~~~~~~~~~^^
  File "/ragflow/.venv/lib/python3.13/site-packages/valkey/connection.py", line 696, in _connect
    for res in socket.getaddrinfo(
               ~~~~~~~~~~~~~~~~~~^
        self.host, self.port, self.socket_type, socket.SOCK_STREAM
        ^^^^^^^^^^^^^^^^^^^^^^^^^^^^^^^^^^^^^^^^^^^^^^^^^^^^^^^^^^
    ):
    ^
  File "/ragflow/common/ssrf_guard.py", line 57, in _getaddrinfo_with_pins
    return _orig_getaddrinfo(host, port, *args, **kwargs)
  File "/root/.local/share/uv/python/cpython-3.13.11-linux-aarch64-gnu/lib/python3.13/socket.py", line 977, in getaddrinfo
    for res in _socket.getaddrinfo(host, port, family, type, proto, flags):
               ~~~~~~~~~~~~~~~~~~~^^^^^^^^^^^^^^^^^^^^^^^^^^^^^^^^^^^^^^^^
socket.gaierror: [Errno -2] Name or service not known

During handling of the above exception, another exception occurred:

Traceback (most recent call last):
  File "/ragflow/rag/utils/redis_conn.py", line 420, in queue_consumer
    group_info = self.REDIS.xinfo_groups(queue_name)
  File "/ragflow/.venv/lib/python3.13/site-packages/valkey/commands/core.py", line 3810, in xinfo_groups
    return self.execute_command("XINFO GROUPS", name)
           ~~~~~~~~~~~~~~~~~~~~^^^^^^^^^^^^^^^^^^^^^^
  File "/ragflow/.venv/lib/python3.13/site-packages/valkey/client.py", line 564, in execute_command
    conn = self.connection or pool.get_connection(command_name, **options)
                              ~~~~~~~~~~~~~~~~~~~^^^^^^^^^^^^^^^^^^^^^^^^^
  File "/ragflow/.venv/lib/python3.13/site-packages/valkey/connection.py", line 1107, in get_connection
    connection.connect()
    ~~~~~~~~~~~~~~~~~~^^
  File "/ragflow/.venv/lib/python3.13/site-packages/valkey/connection.py", line 308, in connect
    raise ConnectionError(self._error_message(e))
valkey.exceptions.ConnectionError: Error -2 connecting to redis:6379. Name or service not known.
2026-08-07 14:51:08,565 ERROR    58 RedisDB.queue_consumer te.0.common got exception: Error -2 connecting to redis:6379. Name or service not known.
Traceback (most recent call last):
  File "/ragflow/rag/svr/task_executor.py", line 212, in collect
    redis_msg = next(UNACKED_ITERATOR)
StopIteration

During handling of the above exception, another exception occurred:

Traceback (most recent call last):
  File "/ragflow/.venv/lib/python3.13/site-packages/valkey/connection.py", line 302, in connect
    sock = self.retry.call_with_retry(
        lambda: self._connect(), lambda error: self.disconnect(error)
    )
  File "/ragflow/.venv/lib/python3.13/site-packages/valkey/retry.py", line 62, in call_with_retry
    return do()
  File "/ragflow/.venv/lib/python3.13/site-packages/valkey/connection.py", line 303, in <lambda>
    lambda: self._connect(), lambda error: self.disconnect(error)
            ~~~~~~~~~~~~~^^
  File "/ragflow/.venv/lib/python3.13/site-packages/valkey/connection.py", line 696, in _connect
    for res in socket.getaddrinfo(
               ~~~~~~~~~~~~~~~~~~^
        self.host, self.port, self.socket_type, socket.SOCK_STREAM
        ^^^^^^^^^^^^^^^^^^^^^^^^^^^^^^^^^^^^^^^^^^^^^^^^^^^^^^^^^^
    ):
    ^
  File "/ragflow/common/ssrf_guard.py", line 57, in _getaddrinfo_with_pins
    return _orig_getaddrinfo(host, port, *args, **kwargs)
  File "/root/.local/share/uv/python/cpython-3.13.11-linux-aarch64-gnu/lib/python3.13/socket.py", line 977, in getaddrinfo
    for res in _socket.getaddrinfo(host, port, family, type, proto, flags):
               ~~~~~~~~~~~~~~~~~~~^^^^^^^^^^^^^^^^^^^^^^^^^^^^^^^^^^^^^^^^
socket.gaierror: [Errno -2] Name or service not known

During handling of the above exception, another exception occurred:

Traceback (most recent call last):
  File "/ragflow/rag/utils/redis_conn.py", line 420, in queue_consumer
    group_info = self.REDIS.xinfo_groups(queue_name)
  File "/ragflow/.venv/lib/python3.13/site-packages/valkey/commands/core.py", line 3810, in xinfo_groups
    return self.execute_command("XINFO GROUPS", name)
           ~~~~~~~~~~~~~~~~~~~~^^^^^^^^^^^^^^^^^^^^^^
  File "/ragflow/.venv/lib/python3.13/site-packages/valkey/client.py", line 564, in execute_command
    conn = self.connection or pool.get_connection(command_name, **options)
                              ~~~~~~~~~~~~~~~~~~~^^^^^^^^^^^^^^^^^^^^^^^^^
  File "/ragflow/.venv/lib/python3.13/site-packages/valkey/connection.py", line 1107, in get_connection
    connection.connect()
    ~~~~~~~~~~~~~~~~~~^^
  File "/ragflow/.venv/lib/python3.13/site-packages/valkey/connection.py", line 308, in connect
    raise ConnectionError(self._error_message(e))
valkey.exceptions.ConnectionError: Error -2 connecting to redis:6379. Name or service not known.
2026-08-07 14:51:08,752 ERROR    58 RedisDB.queue_consumer te.1.common got exception: Error -2 connecting to redis:6379. Name or service not known.
Traceback (most recent call last):
  File "/ragflow/rag/svr/task_executor.py", line 212, in collect
    redis_msg = next(UNACKED_ITERATOR)
StopIteration

During handling of the above exception, another exception occurred:

Traceback (most recent call last):
  File "/ragflow/.venv/lib/python3.13/site-packages/valkey/connection.py", line 302, in connect
    sock = self.retry.call_with_retry(
        lambda: self._connect(), lambda error: self.disconnect(error)
    )
  File "/ragflow/.venv/lib/python3.13/site-packages/valkey/retry.py", line 62, in call_with_retry
    return do()
  File "/ragflow/.venv/lib/python3.13/site-packages/valkey/connection.py", line 303, in <lambda>
    lambda: self._connect(), lambda error: self.disconnect(error)
            ~~~~~~~~~~~~~^^
  File "/ragflow/.venv/lib/python3.13/site-packages/valkey/connection.py", line 696, in _connect
    for res in socket.getaddrinfo(
               ~~~~~~~~~~~~~~~~~~^
        self.host, self.port, self.socket_type, socket.SOCK_STREAM
        ^^^^^^^^^^^^^^^^^^^^^^^^^^^^^^^^^^^^^^^^^^^^^^^^^^^^^^^^^^
    ):
    ^
  File "/ragflow/common/ssrf_guard.py", line 57, in _getaddrinfo_with_pins
    return _orig_getaddrinfo(host, port, *args, **kwargs)
  File "/root/.local/share/uv/python/cpython-3.13.11-linux-aarch64-gnu/lib/python3.13/socket.py", line 977, in getaddrinfo
    for res in _socket.getaddrinfo(host, port, family, type, proto, flags):
               ~~~~~~~~~~~~~~~~~~~^^^^^^^^^^^^^^^^^^^^^^^^^^^^^^^^^^^^^^^^
socket.gaierror: [Errno -2] Name or service not known

During handling of the above exception, another exception occurred:

Traceback (most recent call last):
  File "/ragflow/rag/utils/redis_conn.py", line 420, in queue_consumer
    group_info = self.REDIS.xinfo_groups(queue_name)
  File "/ragflow/.venv/lib/python3.13/site-packages/valkey/commands/core.py", line 3810, in xinfo_groups
    return self.execute_command("XINFO GROUPS", name)
           ~~~~~~~~~~~~~~~~~~~~^^^^^^^^^^^^^^^^^^^^^^
  File "/ragflow/.venv/lib/python3.13/site-packages/valkey/client.py", line 564, in execute_command
    conn = self.connection or pool.get_connection(command_name, **options)
                              ~~~~~~~~~~~~~~~~~~~^^^^^^^^^^^^^^^^^^^^^^^^^
  File "/ragflow/.venv/lib/python3.13/site-packages/valkey/connection.py", line 1107, in get_connection
    connection.connect()
    ~~~~~~~~~~~~~~~~~~^^
  File "/ragflow/.venv/lib/python3.13/site-packages/valkey/connection.py", line 308, in connect
    raise ConnectionError(self._error_message(e))
valkey.exceptions.ConnectionError: Error -2 connecting to redis:6379. Name or service not known.
2026-08-07 14:51:08,805 ERROR    58 RedisDB.queue_consumer te.1.common got exception: Error -2 connecting to redis:6379. Name or service not known.
Traceback (most recent call last):
  File "/ragflow/rag/svr/task_executor.py", line 212, in collect
    redis_msg = next(UNACKED_ITERATOR)
StopIteration

During handling of the above exception, another exception occurred:

Traceback (most recent call last):
  File "/ragflow/.venv/lib/python3.13/site-packages/valkey/connection.py", line 302, in connect
    sock = self.retry.call_with_retry(
        lambda: self._connect(), lambda error: self.disconnect(error)
    )
  File "/ragflow/.venv/lib/python3.13/site-packages/valkey/retry.py", line 62, in call_with_retry
    return do()
  File "/ragflow/.venv/lib/python3.13/site-packages/valkey/connection.py", line 303, in <lambda>
    lambda: self._connect(), lambda error: self.disconnect(error)
            ~~~~~~~~~~~~~^^
  File "/ragflow/.venv/lib/python3.13/site-packages/valkey/connection.py", line 696, in _connect
    for res in socket.getaddrinfo(
               ~~~~~~~~~~~~~~~~~~^
        self.host, self.port, self.socket_type, socket.SOCK_STREAM
        ^^^^^^^^^^^^^^^^^^^^^^^^^^^^^^^^^^^^^^^^^^^^^^^^^^^^^^^^^^
    ):
    ^
  File "/ragflow/common/ssrf_guard.py", line 57, in _getaddrinfo_with_pins
    return _orig_getaddrinfo(host, port, *args, **kwargs)
  File "/root/.local/share/uv/python/cpython-3.13.11-linux-aarch64-gnu/lib/python3.13/socket.py", line 977, in getaddrinfo
    for res in _socket.getaddrinfo(host, port, family, type, proto, flags):
               ~~~~~~~~~~~~~~~~~~~^^^^^^^^^^^^^^^^^^^^^^^^^^^^^^^^^^^^^^^^
socket.gaierror: [Errno -2] Name or service not known

During handling of the above exception, another exception occurred:

Traceback (most recent call last):
  File "/ragflow/rag/utils/redis_conn.py", line 420, in queue_consumer
    group_info = self.REDIS.xinfo_groups(queue_name)
  File "/ragflow/.venv/lib/python3.13/site-packages/valkey/commands/core.py", line 3810, in xinfo_groups
    return self.execute_command("XINFO GROUPS", name)
           ~~~~~~~~~~~~~~~~~~~~^^^^^^^^^^^^^^^^^^^^^^
  File "/ragflow/.venv/lib/python3.13/site-packages/valkey/client.py", line 564, in execute_command
    conn = self.connection or pool.get_connection(command_name, **options)
                              ~~~~~~~~~~~~~~~~~~~^^^^^^^^^^^^^^^^^^^^^^^^^
  File "/ragflow/.venv/lib/python3.13/site-packages/valkey/connection.py", line 1107, in get_connection
    connection.connect()
    ~~~~~~~~~~~~~~~~~~^^
  File "/ragflow/.venv/lib/python3.13/site-packages/valkey/connection.py", line 308, in connect
    raise ConnectionError(self._error_message(e))
valkey.exceptions.ConnectionError: Error -2 connecting to redis:6379. Name or service not known.
2026-08-07 14:51:08,810 ERROR    58 RedisDB.queue_consumer te.1.common got exception: Error -2 connecting to redis:6379. Name or service not known.
Traceback (most recent call last):
  File "/ragflow/rag/svr/task_executor.py", line 212, in collect
    redis_msg = next(UNACKED_ITERATOR)
StopIteration

During handling of the above exception, another exception occurred:

Traceback (most recent call last):
  File "/ragflow/.venv/lib/python3.13/site-packages/valkey/connection.py", line 302, in connect
    sock = self.retry.call_with_retry(
        lambda: self._connect(), lambda error: self.disconnect(error)
    )
  File "/ragflow/.venv/lib/python3.13/site-packages/valkey/retry.py", line 62, in call_with_retry
    return do()
  File "/ragflow/.venv/lib/python3.13/site-packages/valkey/connection.py", line 303, in <lambda>
    lambda: self._connect(), lambda error: self.disconnect(error)
            ~~~~~~~~~~~~~^^
  File "/ragflow/.venv/lib/python3.13/site-packages/valkey/connection.py", line 696, in _connect
    for res in socket.getaddrinfo(
               ~~~~~~~~~~~~~~~~~~^
        self.host, self.port, self.socket_type, socket.SOCK_STREAM
        ^^^^^^^^^^^^^^^^^^^^^^^^^^^^^^^^^^^^^^^^^^^^^^^^^^^^^^^^^^
    ):
    ^
  File "/ragflow/common/ssrf_guard.py", line 57, in _getaddrinfo_with_pins
    return _orig_getaddrinfo(host, port, *args, **kwargs)
  File "/root/.local/share/uv/python/cpython-3.13.11-linux-aarch64-gnu/lib/python3.13/socket.py", line 977, in getaddrinfo
    for res in _socket.getaddrinfo(host, port, family, type, proto, flags):
               ~~~~~~~~~~~~~~~~~~~^^^^^^^^^^^^^^^^^^^^^^^^^^^^^^^^^^^^^^^^
socket.gaierror: [Errno -2] Name or service not known

During handling of the above exception, another exception occurred:

Traceback (most recent call last):
  File "/ragflow/rag/utils/redis_conn.py", line 420, in queue_consumer
    group_info = self.REDIS.xinfo_groups(queue_name)
  File "/ragflow/.venv/lib/python3.13/site-packages/valkey/commands/core.py", line 3810, in xinfo_groups
    return self.execute_command("XINFO GROUPS", name)
           ~~~~~~~~~~~~~~~~~~~~^^^^^^^^^^^^^^^^^^^^^^
  File "/ragflow/.venv/lib/python3.13/site-packages/valkey/client.py", line 564, in execute_command
    conn = self.connection or pool.get_connection(command_name, **options)
                              ~~~~~~~~~~~~~~~~~~~^^^^^^^^^^^^^^^^^^^^^^^^^
  File "/ragflow/.venv/lib/python3.13/site-packages/valkey/connection.py", line 1107, in get_connection
    connection.connect()
    ~~~~~~~~~~~~~~~~~~^^
  File "/ragflow/.venv/lib/python3.13/site-packages/valkey/connection.py", line 308, in connect
    raise ConnectionError(self._error_message(e))
valkey.exceptions.ConnectionError: Error -2 connecting to redis:6379. Name or service not known.
2026-08-07 14:51:08,814 ERROR    58 RedisDB.queue_consumer te.0.common got exception: Error -2 connecting to redis:6379. Name or service not known.
Traceback (most recent call last):
  File "/ragflow/rag/svr/task_executor.py", line 212, in collect
    redis_msg = next(UNACKED_ITERATOR)
StopIteration

During handling of the above exception, another exception occurred:

Traceback (most recent call last):
  File "/ragflow/.venv/lib/python3.13/site-packages/valkey/connection.py", line 302, in connect
    sock = self.retry.call_with_retry(
        lambda: self._connect(), lambda error: self.disconnect(error)
    )
  File "/ragflow/.venv/lib/python3.13/site-packages/valkey/retry.py", line 62, in call_with_retry
    return do()
  File "/ragflow/.venv/lib/python3.13/site-packages/valkey/connection.py", line 303, in <lambda>
    lambda: self._connect(), lambda error: self.disconnect(error)
            ~~~~~~~~~~~~~^^
  File "/ragflow/.venv/lib/python3.13/site-packages/valkey/connection.py", line 696, in _connect
    for res in socket.getaddrinfo(
               ~~~~~~~~~~~~~~~~~~^
        self.host, self.port, self.socket_type, socket.SOCK_STREAM
        ^^^^^^^^^^^^^^^^^^^^^^^^^^^^^^^^^^^^^^^^^^^^^^^^^^^^^^^^^^
    ):
    ^
  File "/ragflow/common/ssrf_guard.py", line 57, in _getaddrinfo_with_pins
    return _orig_getaddrinfo(host, port, *args, **kwargs)
  File "/root/.local/share/uv/python/cpython-3.13.11-linux-aarch64-gnu/lib/python3.13/socket.py", line 977, in getaddrinfo
    for res in _socket.getaddrinfo(host, port, family, type, proto, flags):
               ~~~~~~~~~~~~~~~~~~~^^^^^^^^^^^^^^^^^^^^^^^^^^^^^^^^^^^^^^^^
socket.gaierror: [Errno -2] Name or service not known

During handling of the above exception, another exception occurred:

Traceback (most recent call last):
  File "/ragflow/rag/utils/redis_conn.py", line 420, in queue_consumer
    group_info = self.REDIS.xinfo_groups(queue_name)
  File "/ragflow/.venv/lib/python3.13/site-packages/valkey/commands/core.py", line 3810, in xinfo_groups
    return self.execute_command("XINFO GROUPS", name)
           ~~~~~~~~~~~~~~~~~~~~^^^^^^^^^^^^^^^^^^^^^^
  File "/ragflow/.venv/lib/python3.13/site-packages/valkey/client.py", line 564, in execute_command
    conn = self.connection or pool.get_connection(command_name, **options)
                              ~~~~~~~~~~~~~~~~~~~^^^^^^^^^^^^^^^^^^^^^^^^^
  File "/ragflow/.venv/lib/python3.13/site-packages/valkey/connection.py", line 1107, in get_connection
    connection.connect()
    ~~~~~~~~~~~~~~~~~~^^
  File "/ragflow/.venv/lib/python3.13/site-packages/valkey/connection.py", line 308, in connect
    raise ConnectionError(self._error_message(e))
valkey.exceptions.ConnectionError: Error -2 connecting to redis:6379. Name or service not known.
2026-08-07 14:51:08,818 ERROR    58 RedisDB.queue_consumer te.0.common got exception: Error -2 connecting to redis:6379. Name or service not known.
Traceback (most recent call last):
  File "/ragflow/rag/svr/task_executor.py", line 212, in collect
    redis_msg = next(UNACKED_ITERATOR)
StopIteration

During handling of the above exception, another exception occurred:

Traceback (most recent call last):
  File "/ragflow/.venv/lib/python3.13/site-packages/valkey/connection.py", line 302, in connect
    sock = self.retry.call_with_retry(
        lambda: self._connect(), lambda error: self.disconnect(error)
    )
  File "/ragflow/.venv/lib/python3.13/site-packages/valkey/retry.py", line 62, in call_with_retry
    return do()
  File "/ragflow/.venv/lib/python3.13/site-packages/valkey/connection.py", line 303, in <lambda>
    lambda: self._connect(), lambda error: self.disconnect(error)
            ~~~~~~~~~~~~~^^
  File "/ragflow/.venv/lib/python3.13/site-packages/valkey/connection.py", line 696, in _connect
    for res in socket.getaddrinfo(
               ~~~~~~~~~~~~~~~~~~^
        self.host, self.port, self.socket_type, socket.SOCK_STREAM
        ^^^^^^^^^^^^^^^^^^^^^^^^^^^^^^^^^^^^^^^^^^^^^^^^^^^^^^^^^^
    ):
    ^
  File "/ragflow/common/ssrf_guard.py", line 57, in _getaddrinfo_with_pins
    return _orig_getaddrinfo(host, port, *args, **kwargs)
  File "/root/.local/share/uv/python/cpython-3.13.11-linux-aarch64-gnu/lib/python3.13/socket.py", line 977, in getaddrinfo
    for res in _socket.getaddrinfo(host, port, family, type, proto, flags):
               ~~~~~~~~~~~~~~~~~~~^^^^^^^^^^^^^^^^^^^^^^^^^^^^^^^^^^^^^^^^
socket.gaierror: [Errno -2] Name or service not known

During handling of the above exception, another exception occurred:

Traceback (most recent call last):
  File "/ragflow/rag/utils/redis_conn.py", line 420, in queue_consumer
    group_info = self.REDIS.xinfo_groups(queue_name)
  File "/ragflow/.venv/lib/python3.13/site-packages/valkey/commands/core.py", line 3810, in xinfo_groups
    return self.execute_command("XINFO GROUPS", name)
           ~~~~~~~~~~~~~~~~~~~~^^^^^^^^^^^^^^^^^^^^^^
  File "/ragflow/.venv/lib/python3.13/site-packages/valkey/client.py", line 564, in execute_command
    conn = self.connection or pool.get_connection(command_name, **options)
                              ~~~~~~~~~~~~~~~~~~~^^^^^^^^^^^^^^^^^^^^^^^^^
  File "/ragflow/.venv/lib/python3.13/site-packages/valkey/connection.py", line 1107, in get_connection
    connection.connect()
    ~~~~~~~~~~~~~~~~~~^^
  File "/ragflow/.venv/lib/python3.13/site-packages/valkey/connection.py", line 308, in connect
    raise ConnectionError(self._error_message(e))
valkey.exceptions.ConnectionError: Error -2 connecting to redis:6379. Name or service not known.
2026-08-07 14:51:08,823 ERROR    58 RedisDB.queue_consumer te.0.common got exception: Error -2 connecting to redis:6379. Name or service not known.
Traceback (most recent call last):
  File "/ragflow/rag/svr/task_executor.py", line 212, in collect
    redis_msg = next(UNACKED_ITERATOR)
StopIteration

During handling of the above exception, another exception occurred:

Traceback (most recent call last):
  File "/ragflow/.venv/lib/python3.13/site-packages/valkey/connection.py", line 302, in connect
    sock = self.retry.call_with_retry(
        lambda: self._connect(), lambda error: self.disconnect(error)
    )
  File "/ragflow/.venv/lib/python3.13/site-packages/valkey/retry.py", line 62, in call_with_retry
    return do()
  File "/ragflow/.venv/lib/python3.13/site-packages/valkey/connection.py", line 303, in <lambda>
    lambda: self._connect(), lambda error: self.disconnect(error)
            ~~~~~~~~~~~~~^^
  File "/ragflow/.venv/lib/python3.13/site-packages/valkey/connection.py", line 696, in _connect
    for res in socket.getaddrinfo(
               ~~~~~~~~~~~~~~~~~~^
        self.host, self.port, self.socket_type, socket.SOCK_STREAM
        ^^^^^^^^^^^^^^^^^^^^^^^^^^^^^^^^^^^^^^^^^^^^^^^^^^^^^^^^^^
    ):
    ^
  File "/ragflow/common/ssrf_guard.py", line 57, in _getaddrinfo_with_pins
    return _orig_getaddrinfo(host, port, *args, **kwargs)
  File "/root/.local/share/uv/python/cpython-3.13.11-linux-aarch64-gnu/lib/python3.13/socket.py", line 977, in getaddrinfo
    for res in _socket.getaddrinfo(host, port, family, type, proto, flags):
               ~~~~~~~~~~~~~~~~~~~^^^^^^^^^^^^^^^^^^^^^^^^^^^^^^^^^^^^^^^^
socket.gaierror: [Errno -2] Name or service not known

During handling of the above exception, another exception occurred:

Traceback (most recent call last):
  File "/ragflow/rag/utils/redis_conn.py", line 420, in queue_consumer
    group_info = self.REDIS.xinfo_groups(queue_name)
  File "/ragflow/.venv/lib/python3.13/site-packages/valkey/commands/core.py", line 3810, in xinfo_groups
    return self.execute_command("XINFO GROUPS", name)
           ~~~~~~~~~~~~~~~~~~~~^^^^^^^^^^^^^^^^^^^^^^
  File "/ragflow/.venv/lib/python3.13/site-packages/valkey/client.py", line 564, in execute_command
    conn = self.connection or pool.get_connection(command_name, **options)
                              ~~~~~~~~~~~~~~~~~~~^^^^^^^^^^^^^^^^^^^^^^^^^
  File "/ragflow/.venv/lib/python3.13/site-packages/valkey/connection.py", line 1107, in get_connection
    connection.connect()
    ~~~~~~~~~~~~~~~~~~^^
  File "/ragflow/.venv/lib/python3.13/site-packages/valkey/connection.py", line 308, in connect
    raise ConnectionError(self._error_message(e))
valkey.exceptions.ConnectionError: Error -2 connecting to redis:6379. Name or service not known.
2026-08-07 14:51:08,956 ERROR    58 RedisDB.queue_consumer te.1.common got exception: Error -2 connecting to redis:6379. Name or service not known.
Traceback (most recent call last):
  File "/ragflow/rag/svr/task_executor.py", line 212, in collect
    redis_msg = next(UNACKED_ITERATOR)
StopIteration

During handling of the above exception, another exception occurred:

Traceback (most recent call last):
  File "/ragflow/.venv/lib/python3.13/site-packages/valkey/connection.py", line 302, in connect
    sock = self.retry.call_with_retry(
        lambda: self._connect(), lambda error: self.disconnect(error)
    )
  File "/ragflow/.venv/lib/python3.13/site-packages/valkey/retry.py", line 62, in call_with_retry
    return do()
  File "/ragflow/.venv/lib/python3.13/site-packages/valkey/connection.py", line 303, in <lambda>
    lambda: self._connect(), lambda error: self.disconnect(error)
            ~~~~~~~~~~~~~^^
  File "/ragflow/.venv/lib/python3.13/site-packages/valkey/connection.py", line 696, in _connect
    for res in socket.getaddrinfo(
               ~~~~~~~~~~~~~~~~~~^
        self.host, self.port, self.socket_type, socket.SOCK_STREAM
        ^^^^^^^^^^^^^^^^^^^^^^^^^^^^^^^^^^^^^^^^^^^^^^^^^^^^^^^^^^
    ):
    ^
  File "/ragflow/common/ssrf_guard.py", line 57, in _getaddrinfo_with_pins
    return _orig_getaddrinfo(host, port, *args, **kwargs)
  File "/root/.local/share/uv/python/cpython-3.13.11-linux-aarch64-gnu/lib/python3.13/socket.py", line 977, in getaddrinfo
    for res in _socket.getaddrinfo(host, port, family, type, proto, flags):
               ~~~~~~~~~~~~~~~~~~~^^^^^^^^^^^^^^^^^^^^^^^^^^^^^^^^^^^^^^^^
socket.gaierror: [Errno -2] Name or service not known

During handling of the above exception, another exception occurred:

Traceback (most recent call last):
  File "/ragflow/rag/utils/redis_conn.py", line 420, in queue_consumer
    group_info = self.REDIS.xinfo_groups(queue_name)
  File "/ragflow/.venv/lib/python3.13/site-packages/valkey/commands/core.py", line 3810, in xinfo_groups
    return self.execute_command("XINFO GROUPS", name)
           ~~~~~~~~~~~~~~~~~~~~^^^^^^^^^^^^^^^^^^^^^^
  File "/ragflow/.venv/lib/python3.13/site-packages/valkey/client.py", line 564, in execute_command
    conn = self.connection or pool.get_connection(command_name, **options)
                              ~~~~~~~~~~~~~~~~~~~^^^^^^^^^^^^^^^^^^^^^^^^^
  File "/ragflow/.venv/lib/python3.13/site-packages/valkey/connection.py", line 1107, in get_connection
    connection.connect()
    ~~~~~~~~~~~~~~~~~~^^
  File "/ragflow/.venv/lib/python3.13/site-packages/valkey/connection.py", line 308, in connect
    raise ConnectionError(self._error_message(e))
valkey.exceptions.ConnectionError: Error -2 connecting to redis:6379. Name or service not known.
2026-08-07 14:51:08,960 ERROR    58 RedisDB.queue_consumer te.1.common got exception: Error -2 connecting to redis:6379. Name or service not known.
Traceback (most recent call last):
  File "/ragflow/rag/svr/task_executor.py", line 212, in collect
    redis_msg = next(UNACKED_ITERATOR)
StopIteration

During handling of the above exception, another exception occurred:

Traceback (most recent call last):
  File "/ragflow/.venv/lib/python3.13/site-packages/valkey/connection.py", line 302, in connect
    sock = self.retry.call_with_retry(
        lambda: self._connect(), lambda error: self.disconnect(error)
    )
  File "/ragflow/.venv/lib/python3.13/site-packages/valkey/retry.py", line 62, in call_with_retry
    return do()
  File "/ragflow/.venv/lib/python3.13/site-packages/valkey/connection.py", line 303, in <lambda>
    lambda: self._connect(), lambda error: self.disconnect(error)
            ~~~~~~~~~~~~~^^
  File "/ragflow/.venv/lib/python3.13/site-packages/valkey/connection.py", line 696, in _connect
    for res in socket.getaddrinfo(
               ~~~~~~~~~~~~~~~~~~^
        self.host, self.port, self.socket_type, socket.SOCK_STREAM
        ^^^^^^^^^^^^^^^^^^^^^^^^^^^^^^^^^^^^^^^^^^^^^^^^^^^^^^^^^^
    ):
    ^
  File "/ragflow/common/ssrf_guard.py", line 57, in _getaddrinfo_with_pins
    return _orig_getaddrinfo(host, port, *args, **kwargs)
  File "/root/.local/share/uv/python/cpython-3.13.11-linux-aarch64-gnu/lib/python3.13/socket.py", line 977, in getaddrinfo
    for res in _socket.getaddrinfo(host, port, family, type, proto, flags):
               ~~~~~~~~~~~~~~~~~~~^^^^^^^^^^^^^^^^^^^^^^^^^^^^^^^^^^^^^^^^
socket.gaierror: [Errno -2] Name or service not known

During handling of the above exception, another exception occurred:

Traceback (most recent call last):
  File "/ragflow/rag/utils/redis_conn.py", line 420, in queue_consumer
    group_info = self.REDIS.xinfo_groups(queue_name)
  File "/ragflow/.venv/lib/python3.13/site-packages/valkey/commands/core.py", line 3810, in xinfo_groups
    return self.execute_command("XINFO GROUPS", name)
           ~~~~~~~~~~~~~~~~~~~~^^^^^^^^^^^^^^^^^^^^^^
  File "/ragflow/.venv/lib/python3.13/site-packages/valkey/client.py", line 564, in execute_command
    conn = self.connection or pool.get_connection(command_name, **options)
                              ~~~~~~~~~~~~~~~~~~~^^^^^^^^^^^^^^^^^^^^^^^^^
  File "/ragflow/.venv/lib/python3.13/site-packages/valkey/connection.py", line 1107, in get_connection
    connection.connect()
    ~~~~~~~~~~~~~~~~~~^^
  File "/ragflow/.venv/lib/python3.13/site-packages/valkey/connection.py", line 308, in connect
    raise ConnectionError(self._error_message(e))
valkey.exceptions.ConnectionError: Error -2 connecting to redis:6379. Name or service not known.
2026-08-07 14:51:08,966 ERROR    58 RedisDB.queue_consumer te.1.common got exception: Error -2 connecting to redis:6379. Name or service not known.
Traceback (most recent call last):
  File "/ragflow/rag/svr/task_executor.py", line 212, in collect
    redis_msg = next(UNACKED_ITERATOR)
StopIteration

During handling of the above exception, another exception occurred:

Traceback (most recent call last):
  File "/ragflow/.venv/lib/python3.13/site-packages/valkey/connection.py", line 302, in connect
    sock = self.retry.call_with_retry(
        lambda: self._connect(), lambda error: self.disconnect(error)
    )
  File "/ragflow/.venv/lib/python3.13/site-packages/valkey/retry.py", line 62, in call_with_retry
    return do()
  File "/ragflow/.venv/lib/python3.13/site-packages/valkey/connection.py", line 303, in <lambda>
    lambda: self._connect(), lambda error: self.disconnect(error)
            ~~~~~~~~~~~~~^^
  File "/ragflow/.venv/lib/python3.13/site-packages/valkey/connection.py", line 696, in _connect
    for res in socket.getaddrinfo(
               ~~~~~~~~~~~~~~~~~~^
        self.host, self.port, self.socket_type, socket.SOCK_STREAM
        ^^^^^^^^^^^^^^^^^^^^^^^^^^^^^^^^^^^^^^^^^^^^^^^^^^^^^^^^^^
    ):
    ^
  File "/ragflow/common/ssrf_guard.py", line 57, in _getaddrinfo_with_pins
    return _orig_getaddrinfo(host, port, *args, **kwargs)
  File "/root/.local/share/uv/python/cpython-3.13.11-linux-aarch64-gnu/lib/python3.13/socket.py", line 977, in getaddrinfo
    for res in _socket.getaddrinfo(host, port, family, type, proto, flags):
               ~~~~~~~~~~~~~~~~~~~^^^^^^^^^^^^^^^^^^^^^^^^^^^^^^^^^^^^^^^^
socket.gaierror: [Errno -2] Name or service not known

During handling of the above exception, another exception occurred:

Traceback (most recent call last):
  File "/ragflow/rag/utils/redis_conn.py", line 420, in queue_consumer
    group_info = self.REDIS.xinfo_groups(queue_name)
  File "/ragflow/.venv/lib/python3.13/site-packages/valkey/commands/core.py", line 3810, in xinfo_groups
    return self.execute_command("XINFO GROUPS", name)
           ~~~~~~~~~~~~~~~~~~~~^^^^^^^^^^^^^^^^^^^^^^
  File "/ragflow/.venv/lib/python3.13/site-packages/valkey/client.py", line 564, in execute_command
    conn = self.connection or pool.get_connection(command_name, **options)
                              ~~~~~~~~~~~~~~~~~~~^^^^^^^^^^^^^^^^^^^^^^^^^
  File "/ragflow/.venv/lib/python3.13/site-packages/valkey/connection.py", line 1107, in get_connection
    connection.connect()
    ~~~~~~~~~~~~~~~~~~^^
  File "/ragflow/.venv/lib/python3.13/site-packages/valkey/connection.py", line 308, in connect
    raise ConnectionError(self._error_message(e))
valkey.exceptions.ConnectionError: Error -2 connecting to redis:6379. Name or service not known.
2026-08-07 14:51:08,971 ERROR    58 RedisDB.queue_consumer te.0.common got exception: Error -2 connecting to redis:6379. Name or service not known.
Traceback (most recent call last):
  File "/ragflow/rag/svr/task_executor.py", line 212, in collect
    redis_msg = next(UNACKED_ITERATOR)
StopIteration

During handling of the above exception, another exception occurred:

Traceback (most recent call last):
  File "/ragflow/.venv/lib/python3.13/site-packages/valkey/connection.py", line 302, in connect
    sock = self.retry.call_with_retry(
        lambda: self._connect(), lambda error: self.disconnect(error)
    )
  File "/ragflow/.venv/lib/python3.13/site-packages/valkey/retry.py", line 62, in call_with_retry
    return do()
  File "/ragflow/.venv/lib/python3.13/site-packages/valkey/connection.py", line 303, in <lambda>
    lambda: self._connect(), lambda error: self.disconnect(error)
            ~~~~~~~~~~~~~^^
  File "/ragflow/.venv/lib/python3.13/site-packages/valkey/connection.py", line 696, in _connect
    for res in socket.getaddrinfo(
               ~~~~~~~~~~~~~~~~~~^
        self.host, self.port, self.socket_type, socket.SOCK_STREAM
        ^^^^^^^^^^^^^^^^^^^^^^^^^^^^^^^^^^^^^^^^^^^^^^^^^^^^^^^^^^
    ):
    ^
  File "/ragflow/common/ssrf_guard.py", line 57, in _getaddrinfo_with_pins
    return _orig_getaddrinfo(host, port, *args, **kwargs)
  File "/root/.local/share/uv/python/cpython-3.13.11-linux-aarch64-gnu/lib/python3.13/socket.py", line 977, in getaddrinfo
    for res in _socket.getaddrinfo(host, port, family, type, proto, flags):
               ~~~~~~~~~~~~~~~~~~~^^^^^^^^^^^^^^^^^^^^^^^^^^^^^^^^^^^^^^^^
socket.gaierror: [Errno -2] Name or service not known

During handling of the above exception, another exception occurred:

Traceback (most recent call last):
  File "/ragflow/rag/utils/redis_conn.py", line 420, in queue_consumer
    group_info = self.REDIS.xinfo_groups(queue_name)
  File "/ragflow/.venv/lib/python3.13/site-packages/valkey/commands/core.py", line 3810, in xinfo_groups
    return self.execute_command("XINFO GROUPS", name)
           ~~~~~~~~~~~~~~~~~~~~^^^^^^^^^^^^^^^^^^^^^^
  File "/ragflow/.venv/lib/python3.13/site-packages/valkey/client.py", line 564, in execute_command
    conn = self.connection or pool.get_connection(command_name, **options)
                              ~~~~~~~~~~~~~~~~~~~^^^^^^^^^^^^^^^^^^^^^^^^^
  File "/ragflow/.venv/lib/python3.13/site-packages/valkey/connection.py", line 1107, in get_connection
    connection.connect()
    ~~~~~~~~~~~~~~~~~~^^
  File "/ragflow/.venv/lib/python3.13/site-packages/valkey/connection.py", line 308, in connect
    raise ConnectionError(self._error_message(e))
valkey.exceptions.ConnectionError: Error -2 connecting to redis:6379. Name or service not known.
2026-08-07 14:51:08,975 ERROR    58 RedisDB.queue_consumer te.0.common got exception: Error -2 connecting to redis:6379. Name or service not known.
Traceback (most recent call last):
  File "/ragflow/rag/svr/task_executor.py", line 212, in collect
    redis_msg = next(UNACKED_ITERATOR)
StopIteration

During handling of the above exception, another exception occurred:

Traceback (most recent call last):
  File "/ragflow/.venv/lib/python3.13/site-packages/valkey/connection.py", line 302, in connect
    sock = self.retry.call_with_retry(
        lambda: self._connect(), lambda error: self.disconnect(error)
    )
  File "/ragflow/.venv/lib/python3.13/site-packages/valkey/retry.py", line 62, in call_with_retry
    return do()
  File "/ragflow/.venv/lib/python3.13/site-packages/valkey/connection.py", line 303, in <lambda>
    lambda: self._connect(), lambda error: self.disconnect(error)
            ~~~~~~~~~~~~~^^
  File "/ragflow/.venv/lib/python3.13/site-packages/valkey/connection.py", line 696, in _connect
    for res in socket.getaddrinfo(
               ~~~~~~~~~~~~~~~~~~^
        self.host, self.port, self.socket_type, socket.SOCK_STREAM
        ^^^^^^^^^^^^^^^^^^^^^^^^^^^^^^^^^^^^^^^^^^^^^^^^^^^^^^^^^^
    ):
    ^
  File "/ragflow/common/ssrf_guard.py", line 57, in _getaddrinfo_with_pins
    return _orig_getaddrinfo(host, port, *args, **kwargs)
  File "/root/.local/share/uv/python/cpython-3.13.11-linux-aarch64-gnu/lib/python3.13/socket.py", line 977, in getaddrinfo
    for res in _socket.getaddrinfo(host, port, family, type, proto, flags):
               ~~~~~~~~~~~~~~~~~~~^^^^^^^^^^^^^^^^^^^^^^^^^^^^^^^^^^^^^^^^
socket.gaierror: [Errno -2] Name or service not known

During handling of the above exception, another exception occurred:

Traceback (most recent call last):
  File "/ragflow/rag/utils/redis_conn.py", line 420, in queue_consumer
    group_info = self.REDIS.xinfo_groups(queue_name)
  File "/ragflow/.venv/lib/python3.13/site-packages/valkey/commands/core.py", line 3810, in xinfo_groups
    return self.execute_command("XINFO GROUPS", name)
           ~~~~~~~~~~~~~~~~~~~~^^^^^^^^^^^^^^^^^^^^^^
  File "/ragflow/.venv/lib/python3.13/site-packages/valkey/client.py", line 564, in execute_command
    conn = self.connection or pool.get_connection(command_name, **options)
                              ~~~~~~~~~~~~~~~~~~~^^^^^^^^^^^^^^^^^^^^^^^^^
  File "/ragflow/.venv/lib/python3.13/site-packages/valkey/connection.py", line 1107, in get_connection
    connection.connect()
    ~~~~~~~~~~~~~~~~~~^^
  File "/ragflow/.venv/lib/python3.13/site-packages/valkey/connection.py", line 308, in connect
    raise ConnectionError(self._error_message(e))
valkey.exceptions.ConnectionError: Error -2 connecting to redis:6379. Name or service not known.
2026-08-07 14:51:08,980 ERROR    58 RedisDB.queue_consumer te.0.common got exception: Error -2 connecting to redis:6379. Name or service not known.
Traceback (most recent call last):
  File "/ragflow/rag/svr/task_executor.py", line 212, in collect
    redis_msg = next(UNACKED_ITERATOR)
StopIteration

During handling of the above exception, another exception occurred:

Traceback (most recent call last):
  File "/ragflow/.venv/lib/python3.13/site-packages/valkey/connection.py", line 302, in connect
    sock = self.retry.call_with_retry(
        lambda: self._connect(), lambda error: self.disconnect(error)
    )
  File "/ragflow/.venv/lib/python3.13/site-packages/valkey/retry.py", line 62, in call_with_retry
    return do()
  File "/ragflow/.venv/lib/python3.13/site-packages/valkey/connection.py", line 303, in <lambda>
    lambda: self._connect(), lambda error: self.disconnect(error)
            ~~~~~~~~~~~~~^^
  File "/ragflow/.venv/lib/python3.13/site-packages/valkey/connection.py", line 696, in _connect
    for res in socket.getaddrinfo(
               ~~~~~~~~~~~~~~~~~~^
        self.host, self.port, self.socket_type, socket.SOCK_STREAM
        ^^^^^^^^^^^^^^^^^^^^^^^^^^^^^^^^^^^^^^^^^^^^^^^^^^^^^^^^^^
    ):
    ^
  File "/ragflow/common/ssrf_guard.py", line 57, in _getaddrinfo_with_pins
    return _orig_getaddrinfo(host, port, *args, **kwargs)
  File "/root/.local/share/uv/python/cpython-3.13.11-linux-aarch64-gnu/lib/python3.13/socket.py", line 977, in getaddrinfo
    for res in _socket.getaddrinfo(host, port, family, type, proto, flags):
               ~~~~~~~~~~~~~~~~~~~^^^^^^^^^^^^^^^^^^^^^^^^^^^^^^^^^^^^^^^^
socket.gaierror: [Errno -2] Name or service not known

During handling of the above exception, another exception occurred:

Traceback (most recent call last):
  File "/ragflow/rag/utils/redis_conn.py", line 420, in queue_consumer
    group_info = self.REDIS.xinfo_groups(queue_name)
  File "/ragflow/.venv/lib/python3.13/site-packages/valkey/commands/core.py", line 3810, in xinfo_groups
    return self.execute_command("XINFO GROUPS", name)
           ~~~~~~~~~~~~~~~~~~~~^^^^^^^^^^^^^^^^^^^^^^
  File "/ragflow/.venv/lib/python3.13/site-packages/valkey/client.py", line 564, in execute_command
    conn = self.connection or pool.get_connection(command_name, **options)
                              ~~~~~~~~~~~~~~~~~~~^^^^^^^^^^^^^^^^^^^^^^^^^
  File "/ragflow/.venv/lib/python3.13/site-packages/valkey/connection.py", line 1107, in get_connection
    connection.connect()
    ~~~~~~~~~~~~~~~~~~^^
  File "/ragflow/.venv/lib/python3.13/site-packages/valkey/connection.py", line 308, in connect
    raise ConnectionError(self._error_message(e))
valkey.exceptions.ConnectionError: Error -2 connecting to redis:6379. Name or service not known.
2026-08-07 14:51:09,169 ERROR    58 RedisDB.queue_consumer te.1.common got exception: Error -2 connecting to redis:6379. Name or service not known.
Traceback (most recent call last):
  File "/ragflow/rag/svr/task_executor.py", line 212, in collect
    redis_msg = next(UNACKED_ITERATOR)
StopIteration

During handling of the above exception, another exception occurred:

Traceback (most recent call last):
  File "/ragflow/.venv/lib/python3.13/site-packages/valkey/connection.py", line 302, in connect
    sock = self.retry.call_with_retry(
        lambda: self._connect(), lambda error: self.disconnect(error)
    )
  File "/ragflow/.venv/lib/python3.13/site-packages/valkey/retry.py", line 62, in call_with_retry
    return do()
  File "/ragflow/.venv/lib/python3.13/site-packages/valkey/connection.py", line 303, in <lambda>
    lambda: self._connect(), lambda error: self.disconnect(error)
            ~~~~~~~~~~~~~^^
  File "/ragflow/.venv/lib/python3.13/site-packages/valkey/connection.py", line 696, in _connect
    for res in socket.getaddrinfo(
               ~~~~~~~~~~~~~~~~~~^
        self.host, self.port, self.socket_type, socket.SOCK_STREAM
        ^^^^^^^^^^^^^^^^^^^^^^^^^^^^^^^^^^^^^^^^^^^^^^^^^^^^^^^^^^
    ):
    ^
  File "/ragflow/common/ssrf_guard.py", line 57, in _getaddrinfo_with_pins
    return _orig_getaddrinfo(host, port, *args, **kwargs)
  File "/root/.local/share/uv/python/cpython-3.13.11-linux-aarch64-gnu/lib/python3.13/socket.py", line 977, in getaddrinfo
    for res in _socket.getaddrinfo(host, port, family, type, proto, flags):
               ~~~~~~~~~~~~~~~~~~~^^^^^^^^^^^^^^^^^^^^^^^^^^^^^^^^^^^^^^^^
socket.gaierror: [Errno -2] Name or service not known

During handling of the above exception, another exception occurred:

Traceback (most recent call last):
  File "/ragflow/rag/utils/redis_conn.py", line 420, in queue_consumer
    group_info = self.REDIS.xinfo_groups(queue_name)
  File "/ragflow/.venv/lib/python3.13/site-packages/valkey/commands/core.py", line 3810, in xinfo_groups
    return self.execute_command("XINFO GROUPS", name)
           ~~~~~~~~~~~~~~~~~~~~^^^^^^^^^^^^^^^^^^^^^^
  File "/ragflow/.venv/lib/python3.13/site-packages/valkey/client.py", line 564, in execute_command
    conn = self.connection or pool.get_connection(command_name, **options)
                              ~~~~~~~~~~~~~~~~~~~^^^^^^^^^^^^^^^^^^^^^^^^^
  File "/ragflow/.venv/lib/python3.13/site-packages/valkey/connection.py", line 1107, in get_connection
    connection.connect()
    ~~~~~~~~~~~~~~~~~~^^
  File "/ragflow/.venv/lib/python3.13/site-packages/valkey/connection.py", line 308, in connect
    raise ConnectionError(self._error_message(e))
valkey.exceptions.ConnectionError: Error -2 connecting to redis:6379. Name or service not known.
2026-08-07 14:51:09,173 ERROR    58 RedisDB.queue_consumer te.1.common got exception: Error -2 connecting to redis:6379. Name or service not known.
Traceback (most recent call last):
  File "/ragflow/rag/svr/task_executor.py", line 212, in collect
    redis_msg = next(UNACKED_ITERATOR)
StopIteration

During handling of the above exception, another exception occurred:

Traceback (most recent call last):
  File "/ragflow/.venv/lib/python3.13/site-packages/valkey/connection.py", line 302, in connect
    sock = self.retry.call_with_retry(
        lambda: self._connect(), lambda error: self.disconnect(error)
    )
  File "/ragflow/.venv/lib/python3.13/site-packages/valkey/retry.py", line 62, in call_with_retry
    return do()
  File "/ragflow/.venv/lib/python3.13/site-packages/valkey/connection.py", line 303, in <lambda>
    lambda: self._connect(), lambda error: self.disconnect(error)
            ~~~~~~~~~~~~~^^
  File "/ragflow/.venv/lib/python3.13/site-packages/valkey/connection.py", line 696, in _connect
    for res in socket.getaddrinfo(
               ~~~~~~~~~~~~~~~~~~^
        self.host, self.port, self.socket_type, socket.SOCK_STREAM
        ^^^^^^^^^^^^^^^^^^^^^^^^^^^^^^^^^^^^^^^^^^^^^^^^^^^^^^^^^^
    ):
    ^
  File "/ragflow/common/ssrf_guard.py", line 57, in _getaddrinfo_with_pins
    return _orig_getaddrinfo(host, port, *args, **kwargs)
  File "/root/.local/share/uv/python/cpython-3.13.11-linux-aarch64-gnu/lib/python3.13/socket.py", line 977, in getaddrinfo
    for res in _socket.getaddrinfo(host, port, family, type, proto, flags):
               ~~~~~~~~~~~~~~~~~~~^^^^^^^^^^^^^^^^^^^^^^^^^^^^^^^^^^^^^^^^
socket.gaierror: [Errno -2] Name or service not known

During handling of the above exception, another exception occurred:

Traceback (most recent call last):
  File "/ragflow/rag/utils/redis_conn.py", line 420, in queue_consumer
    group_info = self.REDIS.xinfo_groups(queue_name)
  File "/ragflow/.venv/lib/python3.13/site-packages/valkey/commands/core.py", line 3810, in xinfo_groups
    return self.execute_command("XINFO GROUPS", name)
           ~~~~~~~~~~~~~~~~~~~~^^^^^^^^^^^^^^^^^^^^^^
  File "/ragflow/.venv/lib/python3.13/site-packages/valkey/client.py", line 564, in execute_command
    conn = self.connection or pool.get_connection(command_name, **options)
                              ~~~~~~~~~~~~~~~~~~~^^^^^^^^^^^^^^^^^^^^^^^^^
  File "/ragflow/.venv/lib/python3.13/site-packages/valkey/connection.py", line 1107, in get_connection
    connection.connect()
    ~~~~~~~~~~~~~~~~~~^^
  File "/ragflow/.venv/lib/python3.13/site-packages/valkey/connection.py", line 308, in connect
    raise ConnectionError(self._error_message(e))
valkey.exceptions.ConnectionError: Error -2 connecting to redis:6379. Name or service not known.
2026-08-07 14:51:09,177 ERROR    58 RedisDB.queue_consumer te.1.common got exception: Error -2 connecting to redis:6379. Name or service not known.
Traceback (most recent call last):
  File "/ragflow/rag/svr/task_executor.py", line 212, in collect
    redis_msg = next(UNACKED_ITERATOR)
StopIteration

During handling of the above exception, another exception occurred:

Traceback (most recent call last):
  File "/ragflow/.venv/lib/python3.13/site-packages/valkey/connection.py", line 302, in connect
    sock = self.retry.call_with_retry(
        lambda: self._connect(), lambda error: self.disconnect(error)
    )
  File "/ragflow/.venv/lib/python3.13/site-packages/valkey/retry.py", line 62, in call_with_retry
    return do()
  File "/ragflow/.venv/lib/python3.13/site-packages/valkey/connection.py", line 303, in <lambda>
    lambda: self._connect(), lambda error: self.disconnect(error)
            ~~~~~~~~~~~~~^^
  File "/ragflow/.venv/lib/python3.13/site-packages/valkey/connection.py", line 696, in _connect
    for res in socket.getaddrinfo(
               ~~~~~~~~~~~~~~~~~~^
        self.host, self.port, self.socket_type, socket.SOCK_STREAM
        ^^^^^^^^^^^^^^^^^^^^^^^^^^^^^^^^^^^^^^^^^^^^^^^^^^^^^^^^^^
    ):
    ^
  File "/ragflow/common/ssrf_guard.py", line 57, in _getaddrinfo_with_pins
    return _orig_getaddrinfo(host, port, *args, **kwargs)
  File "/root/.local/share/uv/python/cpython-3.13.11-linux-aarch64-gnu/lib/python3.13/socket.py", line 977, in getaddrinfo
    for res in _socket.getaddrinfo(host, port, family, type, proto, flags):
               ~~~~~~~~~~~~~~~~~~~^^^^^^^^^^^^^^^^^^^^^^^^^^^^^^^^^^^^^^^^
socket.gaierror: [Errno -2] Name or service not known

During handling of the above exception, another exception occurred:

Traceback (most recent call last):
  File "/ragflow/rag/utils/redis_conn.py", line 420, in queue_consumer
    group_info = self.REDIS.xinfo_groups(queue_name)
  File "/ragflow/.venv/lib/python3.13/site-packages/valkey/commands/core.py", line 3810, in xinfo_groups
    return self.execute_command("XINFO GROUPS", name)
           ~~~~~~~~~~~~~~~~~~~~^^^^^^^^^^^^^^^^^^^^^^
  File "/ragflow/.venv/lib/python3.13/site-packages/valkey/client.py", line 564, in execute_command
    conn = self.connection or pool.get_connection(command_name, **options)
                              ~~~~~~~~~~~~~~~~~~~^^^^^^^^^^^^^^^^^^^^^^^^^
  File "/ragflow/.venv/lib/python3.13/site-packages/valkey/connection.py", line 1107, in get_connection
    connection.connect()
    ~~~~~~~~~~~~~~~~~~^^
  File "/ragflow/.venv/lib/python3.13/site-packages/valkey/connection.py", line 308, in connect
    raise ConnectionError(self._error_message(e))
valkey.exceptions.ConnectionError: Error -2 connecting to redis:6379. Name or service not known.
2026-08-07 14:51:09,182 ERROR    58 RedisDB.queue_consumer te.0.common got exception: Error -2 connecting to redis:6379. Name or service not known.
Traceback (most recent call last):
  File "/ragflow/rag/svr/task_executor.py", line 212, in collect
    redis_msg = next(UNACKED_ITERATOR)
StopIteration

During handling of the above exception, another exception occurred:

Traceback (most recent call last):
  File "/ragflow/.venv/lib/python3.13/site-packages/valkey/connection.py", line 302, in connect
    sock = self.retry.call_with_retry(
        lambda: self._connect(), lambda error: self.disconnect(error)
    )
  File "/ragflow/.venv/lib/python3.13/site-packages/valkey/retry.py", line 62, in call_with_retry
    return do()
  File "/ragflow/.venv/lib/python3.13/site-packages/valkey/connection.py", line 303, in <lambda>
    lambda: self._connect(), lambda error: self.disconnect(error)
            ~~~~~~~~~~~~~^^
  File "/ragflow/.venv/lib/python3.13/site-packages/valkey/connection.py", line 696, in _connect
    for res in socket.getaddrinfo(
               ~~~~~~~~~~~~~~~~~~^
        self.host, self.port, self.socket_type, socket.SOCK_STREAM
        ^^^^^^^^^^^^^^^^^^^^^^^^^^^^^^^^^^^^^^^^^^^^^^^^^^^^^^^^^^
    ):
    ^
  File "/ragflow/common/ssrf_guard.py", line 57, in _getaddrinfo_with_pins
    return _orig_getaddrinfo(host, port, *args, **kwargs)
  File "/root/.local/share/uv/python/cpython-3.13.11-linux-aarch64-gnu/lib/python3.13/socket.py", line 977, in getaddrinfo
    for res in _socket.getaddrinfo(host, port, family, type, proto, flags):
               ~~~~~~~~~~~~~~~~~~~^^^^^^^^^^^^^^^^^^^^^^^^^^^^^^^^^^^^^^^^
socket.gaierror: [Errno -2] Name or service not known

During handling of the above exception, another exception occurred:

Traceback (most recent call last):
  File "/ragflow/rag/utils/redis_conn.py", line 420, in queue_consumer
    group_info = self.REDIS.xinfo_groups(queue_name)
  File "/ragflow/.venv/lib/python3.13/site-packages/valkey/commands/core.py", line 3810, in xinfo_groups
    return self.execute_command("XINFO GROUPS", name)
           ~~~~~~~~~~~~~~~~~~~~^^^^^^^^^^^^^^^^^^^^^^
  File "/ragflow/.venv/lib/python3.13/site-packages/valkey/client.py", line 564, in execute_command
    conn = self.connection or pool.get_connection(command_name, **options)
                              ~~~~~~~~~~~~~~~~~~~^^^^^^^^^^^^^^^^^^^^^^^^^
  File "/ragflow/.venv/lib/python3.13/site-packages/valkey/connection.py", line 1107, in get_connection
    connection.connect()
    ~~~~~~~~~~~~~~~~~~^^
  File "/ragflow/.venv/lib/python3.13/site-packages/valkey/connection.py", line 308, in connect
    raise ConnectionError(self._error_message(e))
valkey.exceptions.ConnectionError: Error -2 connecting to redis:6379. Name or service not known.
2026-08-07 14:51:09,186 ERROR    58 RedisDB.queue_consumer te.0.common got exception: Error -2 connecting to redis:6379. Name or service not known.
Traceback (most recent call last):
  File "/ragflow/rag/svr/task_executor.py", line 212, in collect
    redis_msg = next(UNACKED_ITERATOR)
StopIteration

During handling of the above exception, another exception occurred:

Traceback (most recent call last):
  File "/ragflow/.venv/lib/python3.13/site-packages/valkey/connection.py", line 302, in connect
    sock = self.retry.call_with_retry(
        lambda: self._connect(), lambda error: self.disconnect(error)
    )
  File "/ragflow/.venv/lib/python3.13/site-packages/valkey/retry.py", line 62, in call_with_retry
    return do()
  File "/ragflow/.venv/lib/python3.13/site-packages/valkey/connection.py", line 303, in <lambda>
    lambda: self._connect(), lambda error: self.disconnect(error)
            ~~~~~~~~~~~~~^^
  File "/ragflow/.venv/lib/python3.13/site-packages/valkey/connection.py", line 696, in _connect
    for res in socket.getaddrinfo(
               ~~~~~~~~~~~~~~~~~~^
        self.host, self.port, self.socket_type, socket.SOCK_STREAM
        ^^^^^^^^^^^^^^^^^^^^^^^^^^^^^^^^^^^^^^^^^^^^^^^^^^^^^^^^^^
    ):
    ^
  File "/ragflow/common/ssrf_guard.py", line 57, in _getaddrinfo_with_pins
    return _orig_getaddrinfo(host, port, *args, **kwargs)
  File "/root/.local/share/uv/python/cpython-3.13.11-linux-aarch64-gnu/lib/python3.13/socket.py", line 977, in getaddrinfo
    for res in _socket.getaddrinfo(host, port, family, type, proto, flags):
               ~~~~~~~~~~~~~~~~~~~^^^^^^^^^^^^^^^^^^^^^^^^^^^^^^^^^^^^^^^^
socket.gaierror: [Errno -2] Name or service not known

During handling of the above exception, another exception occurred:

Traceback (most recent call last):
  File "/ragflow/rag/utils/redis_conn.py", line 420, in queue_consumer
    group_info = self.REDIS.xinfo_groups(queue_name)
  File "/ragflow/.venv/lib/python3.13/site-packages/valkey/commands/core.py", line 3810, in xinfo_groups
    return self.execute_command("XINFO GROUPS", name)
           ~~~~~~~~~~~~~~~~~~~~^^^^^^^^^^^^^^^^^^^^^^
  File "/ragflow/.venv/lib/python3.13/site-packages/valkey/client.py", line 564, in execute_command
    conn = self.connection or pool.get_connection(command_name, **options)
                              ~~~~~~~~~~~~~~~~~~~^^^^^^^^^^^^^^^^^^^^^^^^^
  File "/ragflow/.venv/lib/python3.13/site-packages/valkey/connection.py", line 1107, in get_connection
    connection.connect()
    ~~~~~~~~~~~~~~~~~~^^
  File "/ragflow/.venv/lib/python3.13/site-packages/valkey/connection.py", line 308, in connect
    raise ConnectionError(self._error_message(e))
valkey.exceptions.ConnectionError: Error -2 connecting to redis:6379. Name or service not known.
2026-08-07 14:51:09,190 ERROR    58 RedisDB.queue_consumer te.0.common got exception: Error -2 connecting to redis:6379. Name or service not known.
Traceback (most recent call last):
  File "/ragflow/rag/svr/task_executor.py", line 212, in collect
    redis_msg = next(UNACKED_ITERATOR)
StopIteration

During handling of the above exception, another exception occurred:

Traceback (most recent call last):
  File "/ragflow/.venv/lib/python3.13/site-packages/valkey/connection.py", line 302, in connect
    sock = self.retry.call_with_retry(
        lambda: self._connect(), lambda error: self.disconnect(error)
    )
  File "/ragflow/.venv/lib/python3.13/site-packages/valkey/retry.py", line 62, in call_with_retry
    return do()
  File "/ragflow/.venv/lib/python3.13/site-packages/valkey/connection.py", line 303, in <lambda>
    lambda: self._connect(), lambda error: self.disconnect(error)
            ~~~~~~~~~~~~~^^
  File "/ragflow/.venv/lib/python3.13/site-packages/valkey/connection.py", line 696, in _connect
    for res in socket.getaddrinfo(
               ~~~~~~~~~~~~~~~~~~^
        self.host, self.port, self.socket_type, socket.SOCK_STREAM
        ^^^^^^^^^^^^^^^^^^^^^^^^^^^^^^^^^^^^^^^^^^^^^^^^^^^^^^^^^^
    ):
    ^
  File "/ragflow/common/ssrf_guard.py", line 57, in _getaddrinfo_with_pins
    return _orig_getaddrinfo(host, port, *args, **kwargs)
  File "/root/.local/share/uv/python/cpython-3.13.11-linux-aarch64-gnu/lib/python3.13/socket.py", line 977, in getaddrinfo
    for res in _socket.getaddrinfo(host, port, family, type, proto, flags):
               ~~~~~~~~~~~~~~~~~~~^^^^^^^^^^^^^^^^^^^^^^^^^^^^^^^^^^^^^^^^
socket.gaierror: [Errno -2] Name or service not known

During handling of the above exception, another exception occurred:

Traceback (most recent call last):
  File "/ragflow/rag/utils/redis_conn.py", line 420, in queue_consumer
    group_info = self.REDIS.xinfo_groups(queue_name)
  File "/ragflow/.venv/lib/python3.13/site-packages/valkey/commands/core.py", line 3810, in xinfo_groups
    return self.execute_command("XINFO GROUPS", name)
           ~~~~~~~~~~~~~~~~~~~~^^^^^^^^^^^^^^^^^^^^^^
  File "/ragflow/.venv/lib/python3.13/site-packages/valkey/client.py", line 564, in execute_command
    conn = self.connection or pool.get_connection(command_name, **options)
                              ~~~~~~~~~~~~~~~~~~~^^^^^^^^^^^^^^^^^^^^^^^^^
  File "/ragflow/.venv/lib/python3.13/site-packages/valkey/connection.py", line 1107, in get_connection
    connection.connect()
    ~~~~~~~~~~~~~~~~~~^^
  File "/ragflow/.venv/lib/python3.13/site-packages/valkey/connection.py", line 308, in connect
    raise ConnectionError(self._error_message(e))
valkey.exceptions.ConnectionError: Error -2 connecting to redis:6379. Name or service not known.
2026-08-07 14:51:13,393 ERROR    58 RedisDB.queue_consumer te.1.common got exception: Error -2 connecting to redis:6379. Name or service not known.
Traceback (most recent call last):
  File "/ragflow/rag/svr/task_executor.py", line 212, in collect
    redis_msg = next(UNACKED_ITERATOR)
StopIteration

During handling of the above exception, another exception occurred:

Traceback (most recent call last):
  File "/ragflow/.venv/lib/python3.13/site-packages/valkey/connection.py", line 302, in connect
    sock = self.retry.call_with_retry(
        lambda: self._connect(), lambda error: self.disconnect(error)
    )
  File "/ragflow/.venv/lib/python3.13/site-packages/valkey/retry.py", line 62, in call_with_retry
    return do()
  File "/ragflow/.venv/lib/python3.13/site-packages/valkey/connection.py", line 303, in <lambda>
    lambda: self._connect(), lambda error: self.disconnect(error)
            ~~~~~~~~~~~~~^^
  File "/ragflow/.venv/lib/python3.13/site-packages/valkey/connection.py", line 696, in _connect
    for res in socket.getaddrinfo(
               ~~~~~~~~~~~~~~~~~~^
        self.host, self.port, self.socket_type, socket.SOCK_STREAM
        ^^^^^^^^^^^^^^^^^^^^^^^^^^^^^^^^^^^^^^^^^^^^^^^^^^^^^^^^^^
    ):
    ^
  File "/ragflow/common/ssrf_guard.py", line 57, in _getaddrinfo_with_pins
    return _orig_getaddrinfo(host, port, *args, **kwargs)
  File "/root/.local/share/uv/python/cpython-3.13.11-linux-aarch64-gnu/lib/python3.13/socket.py", line 977, in getaddrinfo
    for res in _socket.getaddrinfo(host, port, family, type, proto, flags):
               ~~~~~~~~~~~~~~~~~~~^^^^^^^^^^^^^^^^^^^^^^^^^^^^^^^^^^^^^^^^
socket.gaierror: [Errno -2] Name or service not known

During handling of the above exception, another exception occurred:

Traceback (most recent call last):
  File "/ragflow/rag/utils/redis_conn.py", line 420, in queue_consumer
    group_info = self.REDIS.xinfo_groups(queue_name)
  File "/ragflow/.venv/lib/python3.13/site-packages/valkey/commands/core.py", line 3810, in xinfo_groups
    return self.execute_command("XINFO GROUPS", name)
           ~~~~~~~~~~~~~~~~~~~~^^^^^^^^^^^^^^^^^^^^^^
  File "/ragflow/.venv/lib/python3.13/site-packages/valkey/client.py", line 564, in execute_command
    conn = self.connection or pool.get_connection(command_name, **options)
                              ~~~~~~~~~~~~~~~~~~~^^^^^^^^^^^^^^^^^^^^^^^^^
  File "/ragflow/.venv/lib/python3.13/site-packages/valkey/connection.py", line 1107, in get_connection
    connection.connect()
    ~~~~~~~~~~~~~~~~~~^^
  File "/ragflow/.venv/lib/python3.13/site-packages/valkey/connection.py", line 308, in connect
    raise ConnectionError(self._error_message(e))
valkey.exceptions.ConnectionError: Error -2 connecting to redis:6379. Name or service not known.
2026-08-07 14:51:13,398 ERROR    58 RedisDB.queue_consumer te.1.common got exception: Error -2 connecting to redis:6379. Name or service not known.
Traceback (most recent call last):
  File "/ragflow/rag/svr/task_executor.py", line 212, in collect
    redis_msg = next(UNACKED_ITERATOR)
StopIteration

During handling of the above exception, another exception occurred:

Traceback (most recent call last):
  File "/ragflow/.venv/lib/python3.13/site-packages/valkey/connection.py", line 302, in connect
    sock = self.retry.call_with_retry(
        lambda: self._connect(), lambda error: self.disconnect(error)
    )
  File "/ragflow/.venv/lib/python3.13/site-packages/valkey/retry.py", line 62, in call_with_retry
    return do()
  File "/ragflow/.venv/lib/python3.13/site-packages/valkey/connection.py", line 303, in <lambda>
    lambda: self._connect(), lambda error: self.disconnect(error)
            ~~~~~~~~~~~~~^^
  File "/ragflow/.venv/lib/python3.13/site-packages/valkey/connection.py", line 696, in _connect
    for res in socket.getaddrinfo(
               ~~~~~~~~~~~~~~~~~~^
        self.host, self.port, self.socket_type, socket.SOCK_STREAM
        ^^^^^^^^^^^^^^^^^^^^^^^^^^^^^^^^^^^^^^^^^^^^^^^^^^^^^^^^^^
    ):
    ^
  File "/ragflow/common/ssrf_guard.py", line 57, in _getaddrinfo_with_pins
    return _orig_getaddrinfo(host, port, *args, **kwargs)
  File "/root/.local/share/uv/python/cpython-3.13.11-linux-aarch64-gnu/lib/python3.13/socket.py", line 977, in getaddrinfo
    for res in _socket.getaddrinfo(host, port, family, type, proto, flags):
               ~~~~~~~~~~~~~~~~~~~^^^^^^^^^^^^^^^^^^^^^^^^^^^^^^^^^^^^^^^^
socket.gaierror: [Errno -2] Name or service not known

During handling of the above exception, another exception occurred:

Traceback (most recent call last):
  File "/ragflow/rag/utils/redis_conn.py", line 420, in queue_consumer
    group_info = self.REDIS.xinfo_groups(queue_name)
  File "/ragflow/.venv/lib/python3.13/site-packages/valkey/commands/core.py", line 3810, in xinfo_groups
    return self.execute_command("XINFO GROUPS", name)
           ~~~~~~~~~~~~~~~~~~~~^^^^^^^^^^^^^^^^^^^^^^
  File "/ragflow/.venv/lib/python3.13/site-packages/valkey/client.py", line 564, in execute_command
    conn = self.connection or pool.get_connection(command_name, **options)
                              ~~~~~~~~~~~~~~~~~~~^^^^^^^^^^^^^^^^^^^^^^^^^
  File "/ragflow/.venv/lib/python3.13/site-packages/valkey/connection.py", line 1107, in get_connection
    connection.connect()
    ~~~~~~~~~~~~~~~~~~^^
  File "/ragflow/.venv/lib/python3.13/site-packages/valkey/connection.py", line 308, in connect
    raise ConnectionError(self._error_message(e))
valkey.exceptions.ConnectionError: Error -2 connecting to redis:6379. Name or service not known.
2026-08-07 14:51:13,403 ERROR    58 RedisDB.queue_consumer te.1.common got exception: Error -2 connecting to redis:6379. Name or service not known.
Traceback (most recent call last):
  File "/ragflow/rag/svr/task_executor.py", line 212, in collect
    redis_msg = next(UNACKED_ITERATOR)
StopIteration

During handling of the above exception, another exception occurred:

Traceback (most recent call last):
  File "/ragflow/.venv/lib/python3.13/site-packages/valkey/connection.py", line 302, in connect
    sock = self.retry.call_with_retry(
        lambda: self._connect(), lambda error: self.disconnect(error)
    )
  File "/ragflow/.venv/lib/python3.13/site-packages/valkey/retry.py", line 62, in call_with_retry
    return do()
  File "/ragflow/.venv/lib/python3.13/site-packages/valkey/connection.py", line 303, in <lambda>
    lambda: self._connect(), lambda error: self.disconnect(error)
            ~~~~~~~~~~~~~^^
  File "/ragflow/.venv/lib/python3.13/site-packages/valkey/connection.py", line 696, in _connect
    for res in socket.getaddrinfo(
               ~~~~~~~~~~~~~~~~~~^
        self.host, self.port, self.socket_type, socket.SOCK_STREAM
        ^^^^^^^^^^^^^^^^^^^^^^^^^^^^^^^^^^^^^^^^^^^^^^^^^^^^^^^^^^
    ):
    ^
  File "/ragflow/common/ssrf_guard.py", line 57, in _getaddrinfo_with_pins
    return _orig_getaddrinfo(host, port, *args, **kwargs)
  File "/root/.local/share/uv/python/cpython-3.13.11-linux-aarch64-gnu/lib/python3.13/socket.py", line 977, in getaddrinfo
    for res in _socket.getaddrinfo(host, port, family, type, proto, flags):
               ~~~~~~~~~~~~~~~~~~~^^^^^^^^^^^^^^^^^^^^^^^^^^^^^^^^^^^^^^^^
socket.gaierror: [Errno -2] Name or service not known

During handling of the above exception, another exception occurred:

Traceback (most recent call last):
  File "/ragflow/rag/utils/redis_conn.py", line 420, in queue_consumer
    group_info = self.REDIS.xinfo_groups(queue_name)
  File "/ragflow/.venv/lib/python3.13/site-packages/valkey/commands/core.py", line 3810, in xinfo_groups
    return self.execute_command("XINFO GROUPS", name)
           ~~~~~~~~~~~~~~~~~~~~^^^^^^^^^^^^^^^^^^^^^^
  File "/ragflow/.venv/lib/python3.13/site-packages/valkey/client.py", line 564, in execute_command
    conn = self.connection or pool.get_connection(command_name, **options)
                              ~~~~~~~~~~~~~~~~~~~^^^^^^^^^^^^^^^^^^^^^^^^^
  File "/ragflow/.venv/lib/python3.13/site-packages/valkey/connection.py", line 1107, in get_connection
    connection.connect()
    ~~~~~~~~~~~~~~~~~~^^
  File "/ragflow/.venv/lib/python3.13/site-packages/valkey/connection.py", line 308, in connect
    raise ConnectionError(self._error_message(e))
valkey.exceptions.ConnectionError: Error -2 connecting to redis:6379. Name or service not known.
2026-08-07 14:51:13,408 ERROR    58 RedisDB.queue_consumer te.0.common got exception: Error -2 connecting to redis:6379. Name or service not known.
Traceback (most recent call last):
  File "/ragflow/rag/svr/task_executor.py", line 212, in collect
    redis_msg = next(UNACKED_ITERATOR)
StopIteration

During handling of the above exception, another exception occurred:

Traceback (most recent call last):
  File "/ragflow/.venv/lib/python3.13/site-packages/valkey/connection.py", line 302, in connect
    sock = self.retry.call_with_retry(
        lambda: self._connect(), lambda error: self.disconnect(error)
    )
  File "/ragflow/.venv/lib/python3.13/site-packages/valkey/retry.py", line 62, in call_with_retry
    return do()
  File "/ragflow/.venv/lib/python3.13/site-packages/valkey/connection.py", line 303, in <lambda>
    lambda: self._connect(), lambda error: self.disconnect(error)
            ~~~~~~~~~~~~~^^
  File "/ragflow/.venv/lib/python3.13/site-packages/valkey/connection.py", line 696, in _connect
    for res in socket.getaddrinfo(
               ~~~~~~~~~~~~~~~~~~^
        self.host, self.port, self.socket_type, socket.SOCK_STREAM
        ^^^^^^^^^^^^^^^^^^^^^^^^^^^^^^^^^^^^^^^^^^^^^^^^^^^^^^^^^^
    ):
    ^
  File "/ragflow/common/ssrf_guard.py", line 57, in _getaddrinfo_with_pins
    return _orig_getaddrinfo(host, port, *args, **kwargs)
  File "/root/.local/share/uv/python/cpython-3.13.11-linux-aarch64-gnu/lib/python3.13/socket.py", line 977, in getaddrinfo
    for res in _socket.getaddrinfo(host, port, family, type, proto, flags):
               ~~~~~~~~~~~~~~~~~~~^^^^^^^^^^^^^^^^^^^^^^^^^^^^^^^^^^^^^^^^
socket.gaierror: [Errno -2] Name or service not known

During handling of the above exception, another exception occurred:

Traceback (most recent call last):
  File "/ragflow/rag/utils/redis_conn.py", line 420, in queue_consumer
    group_info = self.REDIS.xinfo_groups(queue_name)
  File "/ragflow/.venv/lib/python3.13/site-packages/valkey/commands/core.py", line 3810, in xinfo_groups
    return self.execute_command("XINFO GROUPS", name)
           ~~~~~~~~~~~~~~~~~~~~^^^^^^^^^^^^^^^^^^^^^^
  File "/ragflow/.venv/lib/python3.13/site-packages/valkey/client.py", line 564, in execute_command
    conn = self.connection or pool.get_connection(command_name, **options)
                              ~~~~~~~~~~~~~~~~~~~^^^^^^^^^^^^^^^^^^^^^^^^^
  File "/ragflow/.venv/lib/python3.13/site-packages/valkey/connection.py", line 1107, in get_connection
    connection.connect()
    ~~~~~~~~~~~~~~~~~~^^
  File "/ragflow/.venv/lib/python3.13/site-packages/valkey/connection.py", line 308, in connect
    raise ConnectionError(self._error_message(e))
valkey.exceptions.ConnectionError: Error -2 connecting to redis:6379. Name or service not known.
2026-08-07 14:51:13,412 ERROR    58 RedisDB.queue_consumer te.0.common got exception: Error -2 connecting to redis:6379. Name or service not known.
Traceback (most recent call last):
  File "/ragflow/rag/svr/task_executor.py", line 212, in collect
    redis_msg = next(UNACKED_ITERATOR)
StopIteration

During handling of the above exception, another exception occurred:

Traceback (most recent call last):
  File "/ragflow/.venv/lib/python3.13/site-packages/valkey/connection.py", line 302, in connect
    sock = self.retry.call_with_retry(
        lambda: self._connect(), lambda error: self.disconnect(error)
    )
  File "/ragflow/.venv/lib/python3.13/site-packages/valkey/retry.py", line 62, in call_with_retry
    return do()
  File "/ragflow/.venv/lib/python3.13/site-packages/valkey/connection.py", line 303, in <lambda>
    lambda: self._connect(), lambda error: self.disconnect(error)
            ~~~~~~~~~~~~~^^
  File "/ragflow/.venv/lib/python3.13/site-packages/valkey/connection.py", line 696, in _connect
    for res in socket.getaddrinfo(
               ~~~~~~~~~~~~~~~~~~^
        self.host, self.port, self.socket_type, socket.SOCK_STREAM
        ^^^^^^^^^^^^^^^^^^^^^^^^^^^^^^^^^^^^^^^^^^^^^^^^^^^^^^^^^^
    ):
    ^
  File "/ragflow/common/ssrf_guard.py", line 57, in _getaddrinfo_with_pins
    return _orig_getaddrinfo(host, port, *args, **kwargs)
  File "/root/.local/share/uv/python/cpython-3.13.11-linux-aarch64-gnu/lib/python3.13/socket.py", line 977, in getaddrinfo
    for res in _socket.getaddrinfo(host, port, family, type, proto, flags):
               ~~~~~~~~~~~~~~~~~~~^^^^^^^^^^^^^^^^^^^^^^^^^^^^^^^^^^^^^^^^
socket.gaierror: [Errno -2] Name or service not known

During handling of the above exception, another exception occurred:

Traceback (most recent call last):
  File "/ragflow/rag/utils/redis_conn.py", line 420, in queue_consumer
    group_info = self.REDIS.xinfo_groups(queue_name)
  File "/ragflow/.venv/lib/python3.13/site-packages/valkey/commands/core.py", line 3810, in xinfo_groups
    return self.execute_command("XINFO GROUPS", name)
           ~~~~~~~~~~~~~~~~~~~~^^^^^^^^^^^^^^^^^^^^^^
  File "/ragflow/.venv/lib/python3.13/site-packages/valkey/client.py", line 564, in execute_command
    conn = self.connection or pool.get_connection(command_name, **options)
                              ~~~~~~~~~~~~~~~~~~~^^^^^^^^^^^^^^^^^^^^^^^^^
  File "/ragflow/.venv/lib/python3.13/site-packages/valkey/connection.py", line 1107, in get_connection
    connection.connect()
    ~~~~~~~~~~~~~~~~~~^^
  File "/ragflow/.venv/lib/python3.13/site-packages/valkey/connection.py", line 308, in connect
    raise ConnectionError(self._error_message(e))
valkey.exceptions.ConnectionError: Error -2 connecting to redis:6379. Name or service not known.
2026-08-07 14:51:13,417 ERROR    58 RedisDB.queue_consumer te.0.common got exception: Error -2 connecting to redis:6379. Name or service not known.
Traceback (most recent call last):
  File "/ragflow/rag/svr/task_executor.py", line 212, in collect
    redis_msg = next(UNACKED_ITERATOR)
StopIteration

During handling of the above exception, another exception occurred:

Traceback (most recent call last):
  File "/ragflow/.venv/lib/python3.13/site-packages/valkey/connection.py", line 302, in connect
    sock = self.retry.call_with_retry(
        lambda: self._connect(), lambda error: self.disconnect(error)
    )
  File "/ragflow/.venv/lib/python3.13/site-packages/valkey/retry.py", line 62, in call_with_retry
    return do()
  File "/ragflow/.venv/lib/python3.13/site-packages/valkey/connection.py", line 303, in <lambda>
    lambda: self._connect(), lambda error: self.disconnect(error)
            ~~~~~~~~~~~~~^^
  File "/ragflow/.venv/lib/python3.13/site-packages/valkey/connection.py", line 696, in _connect
    for res in socket.getaddrinfo(
               ~~~~~~~~~~~~~~~~~~^
        self.host, self.port, self.socket_type, socket.SOCK_STREAM
        ^^^^^^^^^^^^^^^^^^^^^^^^^^^^^^^^^^^^^^^^^^^^^^^^^^^^^^^^^^
    ):
    ^
  File "/ragflow/common/ssrf_guard.py", line 57, in _getaddrinfo_with_pins
    return _orig_getaddrinfo(host, port, *args, **kwargs)
  File "/root/.local/share/uv/python/cpython-3.13.11-linux-aarch64-gnu/lib/python3.13/socket.py", line 977, in getaddrinfo
    for res in _socket.getaddrinfo(host, port, family, type, proto, flags):
               ~~~~~~~~~~~~~~~~~~~^^^^^^^^^^^^^^^^^^^^^^^^^^^^^^^^^^^^^^^^
socket.gaierror: [Errno -2] Name or service not known

During handling of the above exception, another exception occurred:

Traceback (most recent call last):
  File "/ragflow/rag/utils/redis_conn.py", line 420, in queue_consumer
    group_info = self.REDIS.xinfo_groups(queue_name)
  File "/ragflow/.venv/lib/python3.13/site-packages/valkey/commands/core.py", line 3810, in xinfo_groups
    return self.execute_command("XINFO GROUPS", name)
           ~~~~~~~~~~~~~~~~~~~~^^^^^^^^^^^^^^^^^^^^^^
  File "/ragflow/.venv/lib/python3.13/site-packages/valkey/client.py", line 564, in execute_command
    conn = self.connection or pool.get_connection(command_name, **options)
                              ~~~~~~~~~~~~~~~~~~~^^^^^^^^^^^^^^^^^^^^^^^^^
  File "/ragflow/.venv/lib/python3.13/site-packages/valkey/connection.py", line 1107, in get_connection
    connection.connect()
    ~~~~~~~~~~~~~~~~~~^^
  File "/ragflow/.venv/lib/python3.13/site-packages/valkey/connection.py", line 308, in connect
    raise ConnectionError(self._error_message(e))
valkey.exceptions.ConnectionError: Error -2 connecting to redis:6379. Name or service not known.
2026-08-07 14:51:13,570 ERROR    58 RedisDB.queue_consumer te.1.common got exception: Error -2 connecting to redis:6379. Name or service not known.
Traceback (most recent call last):
  File "/ragflow/rag/svr/task_executor.py", line 212, in collect
    redis_msg = next(UNACKED_ITERATOR)
StopIteration

During handling of the above exception, another exception occurred:

Traceback (most recent call last):
  File "/ragflow/.venv/lib/python3.13/site-packages/valkey/connection.py", line 302, in connect
    sock = self.retry.call_with_retry(
        lambda: self._connect(), lambda error: self.disconnect(error)
    )
  File "/ragflow/.venv/lib/python3.13/site-packages/valkey/retry.py", line 62, in call_with_retry
    return do()
  File "/ragflow/.venv/lib/python3.13/site-packages/valkey/connection.py", line 303, in <lambda>
    lambda: self._connect(), lambda error: self.disconnect(error)
            ~~~~~~~~~~~~~^^
  File "/ragflow/.venv/lib/python3.13/site-packages/valkey/connection.py", line 696, in _connect
    for res in socket.getaddrinfo(
               ~~~~~~~~~~~~~~~~~~^
        self.host, self.port, self.socket_type, socket.SOCK_STREAM
        ^^^^^^^^^^^^^^^^^^^^^^^^^^^^^^^^^^^^^^^^^^^^^^^^^^^^^^^^^^
    ):
    ^
  File "/ragflow/common/ssrf_guard.py", line 57, in _getaddrinfo_with_pins
    return _orig_getaddrinfo(host, port, *args, **kwargs)
  File "/root/.local/share/uv/python/cpython-3.13.11-linux-aarch64-gnu/lib/python3.13/socket.py", line 977, in getaddrinfo
    for res in _socket.getaddrinfo(host, port, family, type, proto, flags):
               ~~~~~~~~~~~~~~~~~~~^^^^^^^^^^^^^^^^^^^^^^^^^^^^^^^^^^^^^^^^
socket.gaierror: [Errno -2] Name or service not known

During handling of the above exception, another exception occurred:

Traceback (most recent call last):
  File "/ragflow/rag/utils/redis_conn.py", line 420, in queue_consumer
    group_info = self.REDIS.xinfo_groups(queue_name)
  File "/ragflow/.venv/lib/python3.13/site-packages/valkey/commands/core.py", line 3810, in xinfo_groups
    return self.execute_command("XINFO GROUPS", name)
           ~~~~~~~~~~~~~~~~~~~~^^^^^^^^^^^^^^^^^^^^^^
  File "/ragflow/.venv/lib/python3.13/site-packages/valkey/client.py", line 564, in execute_command
    conn = self.connection or pool.get_connection(command_name, **options)
                              ~~~~~~~~~~~~~~~~~~~^^^^^^^^^^^^^^^^^^^^^^^^^
  File "/ragflow/.venv/lib/python3.13/site-packages/valkey/connection.py", line 1107, in get_connection
    connection.connect()
    ~~~~~~~~~~~~~~~~~~^^
  File "/ragflow/.venv/lib/python3.13/site-packages/valkey/connection.py", line 308, in connect
    raise ConnectionError(self._error_message(e))
valkey.exceptions.ConnectionError: Error -2 connecting to redis:6379. Name or service not known.
2026-08-07 14:51:13,574 ERROR    58 RedisDB.queue_consumer te.1.common got exception: Error -2 connecting to redis:6379. Name or service not known.
Traceback (most recent call last):
  File "/ragflow/rag/svr/task_executor.py", line 212, in collect
    redis_msg = next(UNACKED_ITERATOR)
StopIteration

During handling of the above exception, another exception occurred:

Traceback (most recent call last):
  File "/ragflow/.venv/lib/python3.13/site-packages/valkey/connection.py", line 302, in connect
    sock = self.retry.call_with_retry(
        lambda: self._connect(), lambda error: self.disconnect(error)
    )
  File "/ragflow/.venv/lib/python3.13/site-packages/valkey/retry.py", line 62, in call_with_retry
    return do()
  File "/ragflow/.venv/lib/python3.13/site-packages/valkey/connection.py", line 303, in <lambda>
    lambda: self._connect(), lambda error: self.disconnect(error)
            ~~~~~~~~~~~~~^^
  File "/ragflow/.venv/lib/python3.13/site-packages/valkey/connection.py", line 696, in _connect
    for res in socket.getaddrinfo(
               ~~~~~~~~~~~~~~~~~~^
        self.host, self.port, self.socket_type, socket.SOCK_STREAM
        ^^^^^^^^^^^^^^^^^^^^^^^^^^^^^^^^^^^^^^^^^^^^^^^^^^^^^^^^^^
    ):
    ^
  File "/ragflow/common/ssrf_guard.py", line 57, in _getaddrinfo_with_pins
    return _orig_getaddrinfo(host, port, *args, **kwargs)
  File "/root/.local/share/uv/python/cpython-3.13.11-linux-aarch64-gnu/lib/python3.13/socket.py", line 977, in getaddrinfo
    for res in _socket.getaddrinfo(host, port, family, type, proto, flags):
               ~~~~~~~~~~~~~~~~~~~^^^^^^^^^^^^^^^^^^^^^^^^^^^^^^^^^^^^^^^^
socket.gaierror: [Errno -2] Name or service not known

During handling of the above exception, another exception occurred:

Traceback (most recent call last):
  File "/ragflow/rag/utils/redis_conn.py", line 420, in queue_consumer
    group_info = self.REDIS.xinfo_groups(queue_name)
  File "/ragflow/.venv/lib/python3.13/site-packages/valkey/commands/core.py", line 3810, in xinfo_groups
    return self.execute_command("XINFO GROUPS", name)
           ~~~~~~~~~~~~~~~~~~~~^^^^^^^^^^^^^^^^^^^^^^
  File "/ragflow/.venv/lib/python3.13/site-packages/valkey/client.py", line 564, in execute_command
    conn = self.connection or pool.get_connection(command_name, **options)
                              ~~~~~~~~~~~~~~~~~~~^^^^^^^^^^^^^^^^^^^^^^^^^
  File "/ragflow/.venv/lib/python3.13/site-packages/valkey/connection.py", line 1107, in get_connection
    connection.connect()
    ~~~~~~~~~~~~~~~~~~^^
  File "/ragflow/.venv/lib/python3.13/site-packages/valkey/connection.py", line 308, in connect
    raise ConnectionError(self._error_message(e))
valkey.exceptions.ConnectionError: Error -2 connecting to redis:6379. Name or service not known.
2026-08-07 14:51:13,577 ERROR    58 RedisDB.queue_consumer te.1.common got exception: Error -2 connecting to redis:6379. Name or service not known.
Traceback (most recent call last):
  File "/ragflow/rag/svr/task_executor.py", line 212, in collect
    redis_msg = next(UNACKED_ITERATOR)
StopIteration

During handling of the above exception, another exception occurred:

Traceback (most recent call last):
  File "/ragflow/.venv/lib/python3.13/site-packages/valkey/connection.py", line 302, in connect
    sock = self.retry.call_with_retry(
        lambda: self._connect(), lambda error: self.disconnect(error)
    )
  File "/ragflow/.venv/lib/python3.13/site-packages/valkey/retry.py", line 62, in call_with_retry
    return do()
  File "/ragflow/.venv/lib/python3.13/site-packages/valkey/connection.py", line 303, in <lambda>
    lambda: self._connect(), lambda error: self.disconnect(error)
            ~~~~~~~~~~~~~^^
  File "/ragflow/.venv/lib/python3.13/site-packages/valkey/connection.py", line 696, in _connect
    for res in socket.getaddrinfo(
               ~~~~~~~~~~~~~~~~~~^
        self.host, self.port, self.socket_type, socket.SOCK_STREAM
        ^^^^^^^^^^^^^^^^^^^^^^^^^^^^^^^^^^^^^^^^^^^^^^^^^^^^^^^^^^
    ):
    ^
  File "/ragflow/common/ssrf_guard.py", line 57, in _getaddrinfo_with_pins
    return _orig_getaddrinfo(host, port, *args, **kwargs)
  File "/root/.local/share/uv/python/cpython-3.13.11-linux-aarch64-gnu/lib/python3.13/socket.py", line 977, in getaddrinfo
    for res in _socket.getaddrinfo(host, port, family, type, proto, flags):
               ~~~~~~~~~~~~~~~~~~~^^^^^^^^^^^^^^^^^^^^^^^^^^^^^^^^^^^^^^^^
socket.gaierror: [Errno -2] Name or service not known

During handling of the above exception, another exception occurred:

Traceback (most recent call last):
  File "/ragflow/rag/utils/redis_conn.py", line 420, in queue_consumer
    group_info = self.REDIS.xinfo_groups(queue_name)
  File "/ragflow/.venv/lib/python3.13/site-packages/valkey/commands/core.py", line 3810, in xinfo_groups
    return self.execute_command("XINFO GROUPS", name)
           ~~~~~~~~~~~~~~~~~~~~^^^^^^^^^^^^^^^^^^^^^^
  File "/ragflow/.venv/lib/python3.13/site-packages/valkey/client.py", line 564, in execute_command
    conn = self.connection or pool.get_connection(command_name, **options)
                              ~~~~~~~~~~~~~~~~~~~^^^^^^^^^^^^^^^^^^^^^^^^^
  File "/ragflow/.venv/lib/python3.13/site-packages/valkey/connection.py", line 1107, in get_connection
    connection.connect()
    ~~~~~~~~~~~~~~~~~~^^
  File "/ragflow/.venv/lib/python3.13/site-packages/valkey/connection.py", line 308, in connect
    raise ConnectionError(self._error_message(e))
valkey.exceptions.ConnectionError: Error -2 connecting to redis:6379. Name or service not known.
2026-08-07 14:51:13,581 ERROR    58 RedisDB.queue_consumer te.0.common got exception: Error -2 connecting to redis:6379. Name or service not known.
Traceback (most recent call last):
  File "/ragflow/rag/svr/task_executor.py", line 212, in collect
    redis_msg = next(UNACKED_ITERATOR)
StopIteration

During handling of the above exception, another exception occurred:

Traceback (most recent call last):
  File "/ragflow/.venv/lib/python3.13/site-packages/valkey/connection.py", line 302, in connect
    sock = self.retry.call_with_retry(
        lambda: self._connect(), lambda error: self.disconnect(error)
    )
  File "/ragflow/.venv/lib/python3.13/site-packages/valkey/retry.py", line 62, in call_with_retry
    return do()
  File "/ragflow/.venv/lib/python3.13/site-packages/valkey/connection.py", line 303, in <lambda>
    lambda: self._connect(), lambda error: self.disconnect(error)
            ~~~~~~~~~~~~~^^
  File "/ragflow/.venv/lib/python3.13/site-packages/valkey/connection.py", line 696, in _connect
    for res in socket.getaddrinfo(
               ~~~~~~~~~~~~~~~~~~^
        self.host, self.port, self.socket_type, socket.SOCK_STREAM
        ^^^^^^^^^^^^^^^^^^^^^^^^^^^^^^^^^^^^^^^^^^^^^^^^^^^^^^^^^^
    ):
    ^
  File "/ragflow/common/ssrf_guard.py", line 57, in _getaddrinfo_with_pins
    return _orig_getaddrinfo(host, port, *args, **kwargs)
  File "/root/.local/share/uv/python/cpython-3.13.11-linux-aarch64-gnu/lib/python3.13/socket.py", line 977, in getaddrinfo
    for res in _socket.getaddrinfo(host, port, family, type, proto, flags):
               ~~~~~~~~~~~~~~~~~~~^^^^^^^^^^^^^^^^^^^^^^^^^^^^^^^^^^^^^^^^
socket.gaierror: [Errno -2] Name or service not known

During handling of the above exception, another exception occurred:

Traceback (most recent call last):
  File "/ragflow/rag/utils/redis_conn.py", line 420, in queue_consumer
    group_info = self.REDIS.xinfo_groups(queue_name)
  File "/ragflow/.venv/lib/python3.13/site-packages/valkey/commands/core.py", line 3810, in xinfo_groups
    return self.execute_command("XINFO GROUPS", name)
           ~~~~~~~~~~~~~~~~~~~~^^^^^^^^^^^^^^^^^^^^^^
  File "/ragflow/.venv/lib/python3.13/site-packages/valkey/client.py", line 564, in execute_command
    conn = self.connection or pool.get_connection(command_name, **options)
                              ~~~~~~~~~~~~~~~~~~~^^^^^^^^^^^^^^^^^^^^^^^^^
  File "/ragflow/.venv/lib/python3.13/site-packages/valkey/connection.py", line 1107, in get_connection
    connection.connect()
    ~~~~~~~~~~~~~~~~~~^^
  File "/ragflow/.venv/lib/python3.13/site-packages/valkey/connection.py", line 308, in connect
    raise ConnectionError(self._error_message(e))
valkey.exceptions.ConnectionError: Error -2 connecting to redis:6379. Name or service not known.
2026-08-07 14:51:13,584 ERROR    58 RedisDB.queue_consumer te.0.common got exception: Error -2 connecting to redis:6379. Name or service not known.
Traceback (most recent call last):
  File "/ragflow/rag/svr/task_executor.py", line 212, in collect
    redis_msg = next(UNACKED_ITERATOR)
StopIteration

During handling of the above exception, another exception occurred:

Traceback (most recent call last):
  File "/ragflow/.venv/lib/python3.13/site-packages/valkey/connection.py", line 302, in connect
    sock = self.retry.call_with_retry(
        lambda: self._connect(), lambda error: self.disconnect(error)
    )
  File "/ragflow/.venv/lib/python3.13/site-packages/valkey/retry.py", line 62, in call_with_retry
    return do()
  File "/ragflow/.venv/lib/python3.13/site-packages/valkey/connection.py", line 303, in <lambda>
    lambda: self._connect(), lambda error: self.disconnect(error)
            ~~~~~~~~~~~~~^^
  File "/ragflow/.venv/lib/python3.13/site-packages/valkey/connection.py", line 696, in _connect
    for res in socket.getaddrinfo(
               ~~~~~~~~~~~~~~~~~~^
        self.host, self.port, self.socket_type, socket.SOCK_STREAM
        ^^^^^^^^^^^^^^^^^^^^^^^^^^^^^^^^^^^^^^^^^^^^^^^^^^^^^^^^^^
    ):
    ^
  File "/ragflow/common/ssrf_guard.py", line 57, in _getaddrinfo_with_pins
    return _orig_getaddrinfo(host, port, *args, **kwargs)
  File "/root/.local/share/uv/python/cpython-3.13.11-linux-aarch64-gnu/lib/python3.13/socket.py", line 977, in getaddrinfo
    for res in _socket.getaddrinfo(host, port, family, type, proto, flags):
               ~~~~~~~~~~~~~~~~~~~^^^^^^^^^^^^^^^^^^^^^^^^^^^^^^^^^^^^^^^^
socket.gaierror: [Errno -2] Name or service not known

During handling of the above exception, another exception occurred:

Traceback (most recent call last):
  File "/ragflow/rag/utils/redis_conn.py", line 420, in queue_consumer
    group_info = self.REDIS.xinfo_groups(queue_name)
  File "/ragflow/.venv/lib/python3.13/site-packages/valkey/commands/core.py", line 3810, in xinfo_groups
    return self.execute_command("XINFO GROUPS", name)
           ~~~~~~~~~~~~~~~~~~~~^^^^^^^^^^^^^^^^^^^^^^
  File "/ragflow/.venv/lib/python3.13/site-packages/valkey/client.py", line 564, in execute_command
    conn = self.connection or pool.get_connection(command_name, **options)
                              ~~~~~~~~~~~~~~~~~~~^^^^^^^^^^^^^^^^^^^^^^^^^
  File "/ragflow/.venv/lib/python3.13/site-packages/valkey/connection.py", line 1107, in get_connection
    connection.connect()
    ~~~~~~~~~~~~~~~~~~^^
  File "/ragflow/.venv/lib/python3.13/site-packages/valkey/connection.py", line 308, in connect
    raise ConnectionError(self._error_message(e))
valkey.exceptions.ConnectionError: Error -2 connecting to redis:6379. Name or service not known.
2026-08-07 14:51:13,588 ERROR    58 RedisDB.queue_consumer te.0.common got exception: Error -2 connecting to redis:6379. Name or service not known.
Traceback (most recent call last):
  File "/ragflow/rag/svr/task_executor.py", line 212, in collect
    redis_msg = next(UNACKED_ITERATOR)
StopIteration

During handling of the above exception, another exception occurred:

Traceback (most recent call last):
  File "/ragflow/.venv/lib/python3.13/site-packages/valkey/connection.py", line 302, in connect
    sock = self.retry.call_with_retry(
        lambda: self._connect(), lambda error: self.disconnect(error)
    )
  File "/ragflow/.venv/lib/python3.13/site-packages/valkey/retry.py", line 62, in call_with_retry
    return do()
  File "/ragflow/.venv/lib/python3.13/site-packages/valkey/connection.py", line 303, in <lambda>
    lambda: self._connect(), lambda error: self.disconnect(error)
            ~~~~~~~~~~~~~^^
  File "/ragflow/.venv/lib/python3.13/site-packages/valkey/connection.py", line 696, in _connect
    for res in socket.getaddrinfo(
               ~~~~~~~~~~~~~~~~~~^
        self.host, self.port, self.socket_type, socket.SOCK_STREAM
        ^^^^^^^^^^^^^^^^^^^^^^^^^^^^^^^^^^^^^^^^^^^^^^^^^^^^^^^^^^
    ):
    ^
  File "/ragflow/common/ssrf_guard.py", line 57, in _getaddrinfo_with_pins
    return _orig_getaddrinfo(host, port, *args, **kwargs)
  File "/root/.local/share/uv/python/cpython-3.13.11-linux-aarch64-gnu/lib/python3.13/socket.py", line 977, in getaddrinfo
    for res in _socket.getaddrinfo(host, port, family, type, proto, flags):
               ~~~~~~~~~~~~~~~~~~~^^^^^^^^^^^^^^^^^^^^^^^^^^^^^^^^^^^^^^^^
socket.gaierror: [Errno -2] Name or service not known

During handling of the above exception, another exception occurred:

Traceback (most recent call last):
  File "/ragflow/rag/utils/redis_conn.py", line 420, in queue_consumer
    group_info = self.REDIS.xinfo_groups(queue_name)
  File "/ragflow/.venv/lib/python3.13/site-packages/valkey/commands/core.py", line 3810, in xinfo_groups
    return self.execute_command("XINFO GROUPS", name)
           ~~~~~~~~~~~~~~~~~~~~^^^^^^^^^^^^^^^^^^^^^^
  File "/ragflow/.venv/lib/python3.13/site-packages/valkey/client.py", line 564, in execute_command
    conn = self.connection or pool.get_connection(command_name, **options)
                              ~~~~~~~~~~~~~~~~~~~^^^^^^^^^^^^^^^^^^^^^^^^^
  File "/ragflow/.venv/lib/python3.13/site-packages/valkey/connection.py", line 1107, in get_connection
    connection.connect()
    ~~~~~~~~~~~~~~~~~~^^
  File "/ragflow/.venv/lib/python3.13/site-packages/valkey/connection.py", line 308, in connect
    raise ConnectionError(self._error_message(e))
valkey.exceptions.ConnectionError: Error -2 connecting to redis:6379. Name or service not known.
2026-08-07 14:51:13,837 ERROR    58 RedisDB.queue_consumer te.1.common got exception: Error -2 connecting to redis:6379. Name or service not known.
Traceback (most recent call last):
  File "/ragflow/rag/svr/task_executor.py", line 212, in collect
    redis_msg = next(UNACKED_ITERATOR)
StopIteration

During handling of the above exception, another exception occurred:

Traceback (most recent call last):
  File "/ragflow/.venv/lib/python3.13/site-packages/valkey/connection.py", line 302, in connect
    sock = self.retry.call_with_retry(
        lambda: self._connect(), lambda error: self.disconnect(error)
    )
  File "/ragflow/.venv/lib/python3.13/site-packages/valkey/retry.py", line 62, in call_with_retry
    return do()
  File "/ragflow/.venv/lib/python3.13/site-packages/valkey/connection.py", line 303, in <lambda>
    lambda: self._connect(), lambda error: self.disconnect(error)
            ~~~~~~~~~~~~~^^
  File "/ragflow/.venv/lib/python3.13/site-packages/valkey/connection.py", line 696, in _connect
    for res in socket.getaddrinfo(
               ~~~~~~~~~~~~~~~~~~^
        self.host, self.port, self.socket_type, socket.SOCK_STREAM
        ^^^^^^^^^^^^^^^^^^^^^^^^^^^^^^^^^^^^^^^^^^^^^^^^^^^^^^^^^^
    ):
    ^
  File "/ragflow/common/ssrf_guard.py", line 57, in _getaddrinfo_with_pins
    return _orig_getaddrinfo(host, port, *args, **kwargs)
  File "/root/.local/share/uv/python/cpython-3.13.11-linux-aarch64-gnu/lib/python3.13/socket.py", line 977, in getaddrinfo
    for res in _socket.getaddrinfo(host, port, family, type, proto, flags):
               ~~~~~~~~~~~~~~~~~~~^^^^^^^^^^^^^^^^^^^^^^^^^^^^^^^^^^^^^^^^
socket.gaierror: [Errno -2] Name or service not known

During handling of the above exception, another exception occurred:

Traceback (most recent call last):
  File "/ragflow/rag/utils/redis_conn.py", line 420, in queue_consumer
    group_info = self.REDIS.xinfo_groups(queue_name)
  File "/ragflow/.venv/lib/python3.13/site-packages/valkey/commands/core.py", line 3810, in xinfo_groups
    return self.execute_command("XINFO GROUPS", name)
           ~~~~~~~~~~~~~~~~~~~~^^^^^^^^^^^^^^^^^^^^^^
  File "/ragflow/.venv/lib/python3.13/site-packages/valkey/client.py", line 564, in execute_command
    conn = self.connection or pool.get_connection(command_name, **options)
                              ~~~~~~~~~~~~~~~~~~~^^^^^^^^^^^^^^^^^^^^^^^^^
  File "/ragflow/.venv/lib/python3.13/site-packages/valkey/connection.py", line 1107, in get_connection
    connection.connect()
    ~~~~~~~~~~~~~~~~~~^^
  File "/ragflow/.venv/lib/python3.13/site-packages/valkey/connection.py", line 308, in connect
    raise ConnectionError(self._error_message(e))
valkey.exceptions.ConnectionError: Error -2 connecting to redis:6379. Name or service not known.
2026-08-07 14:51:13,843 ERROR    58 RedisDB.queue_consumer te.1.common got exception: Error -2 connecting to redis:6379. Name or service not known.
Traceback (most recent call last):
  File "/ragflow/rag/svr/task_executor.py", line 212, in collect
    redis_msg = next(UNACKED_ITERATOR)
StopIteration

During handling of the above exception, another exception occurred:

Traceback (most recent call last):
  File "/ragflow/.venv/lib/python3.13/site-packages/valkey/connection.py", line 302, in connect
    sock = self.retry.call_with_retry(
        lambda: self._connect(), lambda error: self.disconnect(error)
    )
  File "/ragflow/.venv/lib/python3.13/site-packages/valkey/retry.py", line 62, in call_with_retry
    return do()
  File "/ragflow/.venv/lib/python3.13/site-packages/valkey/connection.py", line 303, in <lambda>
    lambda: self._connect(), lambda error: self.disconnect(error)
            ~~~~~~~~~~~~~^^
  File "/ragflow/.venv/lib/python3.13/site-packages/valkey/connection.py", line 696, in _connect
    for res in socket.getaddrinfo(
               ~~~~~~~~~~~~~~~~~~^
        self.host, self.port, self.socket_type, socket.SOCK_STREAM
        ^^^^^^^^^^^^^^^^^^^^^^^^^^^^^^^^^^^^^^^^^^^^^^^^^^^^^^^^^^
    ):
    ^
  File "/ragflow/common/ssrf_guard.py", line 57, in _getaddrinfo_with_pins
    return _orig_getaddrinfo(host, port, *args, **kwargs)
  File "/root/.local/share/uv/python/cpython-3.13.11-linux-aarch64-gnu/lib/python3.13/socket.py", line 977, in getaddrinfo
    for res in _socket.getaddrinfo(host, port, family, type, proto, flags):
               ~~~~~~~~~~~~~~~~~~~^^^^^^^^^^^^^^^^^^^^^^^^^^^^^^^^^^^^^^^^
socket.gaierror: [Errno -2] Name or service not known

During handling of the above exception, another exception occurred:

Traceback (most recent call last):
  File "/ragflow/rag/utils/redis_conn.py", line 420, in queue_consumer
    group_info = self.REDIS.xinfo_groups(queue_name)
  File "/ragflow/.venv/lib/python3.13/site-packages/valkey/commands/core.py", line 3810, in xinfo_groups
    return self.execute_command("XINFO GROUPS", name)
           ~~~~~~~~~~~~~~~~~~~~^^^^^^^^^^^^^^^^^^^^^^
  File "/ragflow/.venv/lib/python3.13/site-packages/valkey/client.py", line 564, in execute_command
    conn = self.connection or pool.get_connection(command_name, **options)
                              ~~~~~~~~~~~~~~~~~~~^^^^^^^^^^^^^^^^^^^^^^^^^
  File "/ragflow/.venv/lib/python3.13/site-packages/valkey/connection.py", line 1107, in get_connection
    connection.connect()
    ~~~~~~~~~~~~~~~~~~^^
  File "/ragflow/.venv/lib/python3.13/site-packages/valkey/connection.py", line 308, in connect
    raise ConnectionError(self._error_message(e))
valkey.exceptions.ConnectionError: Error -2 connecting to redis:6379. Name or service not known.
2026-08-07 14:51:13,848 ERROR    58 RedisDB.queue_consumer te.1.common got exception: Error -2 connecting to redis:6379. Name or service not known.
Traceback (most recent call last):
  File "/ragflow/rag/svr/task_executor.py", line 212, in collect
    redis_msg = next(UNACKED_ITERATOR)
StopIteration

During handling of the above exception, another exception occurred:

Traceback (most recent call last):
  File "/ragflow/.venv/lib/python3.13/site-packages/valkey/connection.py", line 302, in connect
    sock = self.retry.call_with_retry(
        lambda: self._connect(), lambda error: self.disconnect(error)
    )
  File "/ragflow/.venv/lib/python3.13/site-packages/valkey/retry.py", line 62, in call_with_retry
    return do()
  File "/ragflow/.venv/lib/python3.13/site-packages/valkey/connection.py", line 303, in <lambda>
    lambda: self._connect(), lambda error: self.disconnect(error)
            ~~~~~~~~~~~~~^^
  File "/ragflow/.venv/lib/python3.13/site-packages/valkey/connection.py", line 696, in _connect
    for res in socket.getaddrinfo(
               ~~~~~~~~~~~~~~~~~~^
        self.host, self.port, self.socket_type, socket.SOCK_STREAM
        ^^^^^^^^^^^^^^^^^^^^^^^^^^^^^^^^^^^^^^^^^^^^^^^^^^^^^^^^^^
    ):
    ^
  File "/ragflow/common/ssrf_guard.py", line 57, in _getaddrinfo_with_pins
    return _orig_getaddrinfo(host, port, *args, **kwargs)
  File "/root/.local/share/uv/python/cpython-3.13.11-linux-aarch64-gnu/lib/python3.13/socket.py", line 977, in getaddrinfo
    for res in _socket.getaddrinfo(host, port, family, type, proto, flags):
               ~~~~~~~~~~~~~~~~~~~^^^^^^^^^^^^^^^^^^^^^^^^^^^^^^^^^^^^^^^^
socket.gaierror: [Errno -2] Name or service not known

During handling of the above exception, another exception occurred:

Traceback (most recent call last):
  File "/ragflow/rag/utils/redis_conn.py", line 420, in queue_consumer
    group_info = self.REDIS.xinfo_groups(queue_name)
  File "/ragflow/.venv/lib/python3.13/site-packages/valkey/commands/core.py", line 3810, in xinfo_groups
    return self.execute_command("XINFO GROUPS", name)
           ~~~~~~~~~~~~~~~~~~~~^^^^^^^^^^^^^^^^^^^^^^
  File "/ragflow/.venv/lib/python3.13/site-packages/valkey/client.py", line 564, in execute_command
    conn = self.connection or pool.get_connection(command_name, **options)
                              ~~~~~~~~~~~~~~~~~~~^^^^^^^^^^^^^^^^^^^^^^^^^
  File "/ragflow/.venv/lib/python3.13/site-packages/valkey/connection.py", line 1107, in get_connection
    connection.connect()
    ~~~~~~~~~~~~~~~~~~^^
  File "/ragflow/.venv/lib/python3.13/site-packages/valkey/connection.py", line 308, in connect
    raise ConnectionError(self._error_message(e))
valkey.exceptions.ConnectionError: Error -2 connecting to redis:6379. Name or service not known.
2026-08-07 14:51:13,851 ERROR    58 RedisDB.queue_consumer te.0.common got exception: Error -2 connecting to redis:6379. Name or service not known.
Traceback (most recent call last):
  File "/ragflow/rag/svr/task_executor.py", line 212, in collect
    redis_msg = next(UNACKED_ITERATOR)
StopIteration

During handling of the above exception, another exception occurred:

Traceback (most recent call last):
  File "/ragflow/.venv/lib/python3.13/site-packages/valkey/connection.py", line 302, in connect
    sock = self.retry.call_with_retry(
        lambda: self._connect(), lambda error: self.disconnect(error)
    )
  File "/ragflow/.venv/lib/python3.13/site-packages/valkey/retry.py", line 62, in call_with_retry
    return do()
  File "/ragflow/.venv/lib/python3.13/site-packages/valkey/connection.py", line 303, in <lambda>
    lambda: self._connect(), lambda error: self.disconnect(error)
            ~~~~~~~~~~~~~^^
  File "/ragflow/.venv/lib/python3.13/site-packages/valkey/connection.py", line 696, in _connect
    for res in socket.getaddrinfo(
               ~~~~~~~~~~~~~~~~~~^
        self.host, self.port, self.socket_type, socket.SOCK_STREAM
        ^^^^^^^^^^^^^^^^^^^^^^^^^^^^^^^^^^^^^^^^^^^^^^^^^^^^^^^^^^
    ):
    ^
  File "/ragflow/common/ssrf_guard.py", line 57, in _getaddrinfo_with_pins
    return _orig_getaddrinfo(host, port, *args, **kwargs)
  File "/root/.local/share/uv/python/cpython-3.13.11-linux-aarch64-gnu/lib/python3.13/socket.py", line 977, in getaddrinfo
    for res in _socket.getaddrinfo(host, port, family, type, proto, flags):
               ~~~~~~~~~~~~~~~~~~~^^^^^^^^^^^^^^^^^^^^^^^^^^^^^^^^^^^^^^^^
socket.gaierror: [Errno -2] Name or service not known

During handling of the above exception, another exception occurred:

Traceback (most recent call last):
  File "/ragflow/rag/utils/redis_conn.py", line 420, in queue_consumer
    group_info = self.REDIS.xinfo_groups(queue_name)
  File "/ragflow/.venv/lib/python3.13/site-packages/valkey/commands/core.py", line 3810, in xinfo_groups
    return self.execute_command("XINFO GROUPS", name)
           ~~~~~~~~~~~~~~~~~~~~^^^^^^^^^^^^^^^^^^^^^^
  File "/ragflow/.venv/lib/python3.13/site-packages/valkey/client.py", line 564, in execute_command
    conn = self.connection or pool.get_connection(command_name, **options)
                              ~~~~~~~~~~~~~~~~~~~^^^^^^^^^^^^^^^^^^^^^^^^^
  File "/ragflow/.venv/lib/python3.13/site-packages/valkey/connection.py", line 1107, in get_connection
    connection.connect()
    ~~~~~~~~~~~~~~~~~~^^
  File "/ragflow/.venv/lib/python3.13/site-packages/valkey/connection.py", line 308, in connect
    raise ConnectionError(self._error_message(e))
valkey.exceptions.ConnectionError: Error -2 connecting to redis:6379. Name or service not known.
2026-08-07 14:51:13,855 ERROR    58 RedisDB.queue_consumer te.0.common got exception: Error -2 connecting to redis:6379. Name or service not known.
Traceback (most recent call last):
  File "/ragflow/rag/svr/task_executor.py", line 212, in collect
    redis_msg = next(UNACKED_ITERATOR)
StopIteration

During handling of the above exception, another exception occurred:

Traceback (most recent call last):
  File "/ragflow/.venv/lib/python3.13/site-packages/valkey/connection.py", line 302, in connect
    sock = self.retry.call_with_retry(
        lambda: self._connect(), lambda error: self.disconnect(error)
    )
  File "/ragflow/.venv/lib/python3.13/site-packages/valkey/retry.py", line 62, in call_with_retry
    return do()
  File "/ragflow/.venv/lib/python3.13/site-packages/valkey/connection.py", line 303, in <lambda>
    lambda: self._connect(), lambda error: self.disconnect(error)
            ~~~~~~~~~~~~~^^
  File "/ragflow/.venv/lib/python3.13/site-packages/valkey/connection.py", line 696, in _connect
    for res in socket.getaddrinfo(
               ~~~~~~~~~~~~~~~~~~^
        self.host, self.port, self.socket_type, socket.SOCK_STREAM
        ^^^^^^^^^^^^^^^^^^^^^^^^^^^^^^^^^^^^^^^^^^^^^^^^^^^^^^^^^^
    ):
    ^
  File "/ragflow/common/ssrf_guard.py", line 57, in _getaddrinfo_with_pins
    return _orig_getaddrinfo(host, port, *args, **kwargs)
  File "/root/.local/share/uv/python/cpython-3.13.11-linux-aarch64-gnu/lib/python3.13/socket.py", line 977, in getaddrinfo
    for res in _socket.getaddrinfo(host, port, family, type, proto, flags):
               ~~~~~~~~~~~~~~~~~~~^^^^^^^^^^^^^^^^^^^^^^^^^^^^^^^^^^^^^^^^
socket.gaierror: [Errno -2] Name or service not known

During handling of the above exception, another exception occurred:

Traceback (most recent call last):
  File "/ragflow/rag/utils/redis_conn.py", line 420, in queue_consumer
    group_info = self.REDIS.xinfo_groups(queue_name)
  File "/ragflow/.venv/lib/python3.13/site-packages/valkey/commands/core.py", line 3810, in xinfo_groups
    return self.execute_command("XINFO GROUPS", name)
           ~~~~~~~~~~~~~~~~~~~~^^^^^^^^^^^^^^^^^^^^^^
  File "/ragflow/.venv/lib/python3.13/site-packages/valkey/client.py", line 564, in execute_command
    conn = self.connection or pool.get_connection(command_name, **options)
                              ~~~~~~~~~~~~~~~~~~~^^^^^^^^^^^^^^^^^^^^^^^^^
  File "/ragflow/.venv/lib/python3.13/site-packages/valkey/connection.py", line 1107, in get_connection
    connection.connect()
    ~~~~~~~~~~~~~~~~~~^^
  File "/ragflow/.venv/lib/python3.13/site-packages/valkey/connection.py", line 308, in connect
    raise ConnectionError(self._error_message(e))
valkey.exceptions.ConnectionError: Error -2 connecting to redis:6379. Name or service not known.
2026-08-07 14:51:13,858 ERROR    58 RedisDB.queue_consumer te.0.common got exception: Error -2 connecting to redis:6379. Name or service not known.
Traceback (most recent call last):
  File "/ragflow/rag/svr/task_executor.py", line 212, in collect
    redis_msg = next(UNACKED_ITERATOR)
StopIteration

During handling of the above exception, another exception occurred:

Traceback (most recent call last):
  File "/ragflow/.venv/lib/python3.13/site-packages/valkey/connection.py", line 302, in connect
    sock = self.retry.call_with_retry(
        lambda: self._connect(), lambda error: self.disconnect(error)
    )
  File "/ragflow/.venv/lib/python3.13/site-packages/valkey/retry.py", line 62, in call_with_retry
    return do()
  File "/ragflow/.venv/lib/python3.13/site-packages/valkey/connection.py", line 303, in <lambda>
    lambda: self._connect(), lambda error: self.disconnect(error)
            ~~~~~~~~~~~~~^^
  File "/ragflow/.venv/lib/python3.13/site-packages/valkey/connection.py", line 696, in _connect
    for res in socket.getaddrinfo(
               ~~~~~~~~~~~~~~~~~~^
        self.host, self.port, self.socket_type, socket.SOCK_STREAM
        ^^^^^^^^^^^^^^^^^^^^^^^^^^^^^^^^^^^^^^^^^^^^^^^^^^^^^^^^^^
    ):
    ^
  File "/ragflow/common/ssrf_guard.py", line 57, in _getaddrinfo_with_pins
    return _orig_getaddrinfo(host, port, *args, **kwargs)
  File "/root/.local/share/uv/python/cpython-3.13.11-linux-aarch64-gnu/lib/python3.13/socket.py", line 977, in getaddrinfo
    for res in _socket.getaddrinfo(host, port, family, type, proto, flags):
               ~~~~~~~~~~~~~~~~~~~^^^^^^^^^^^^^^^^^^^^^^^^^^^^^^^^^^^^^^^^
socket.gaierror: [Errno -2] Name or service not known

During handling of the above exception, another exception occurred:

Traceback (most recent call last):
  File "/ragflow/rag/utils/redis_conn.py", line 420, in queue_consumer
    group_info = self.REDIS.xinfo_groups(queue_name)
  File "/ragflow/.venv/lib/python3.13/site-packages/valkey/commands/core.py", line 3810, in xinfo_groups
    return self.execute_command("XINFO GROUPS", name)
           ~~~~~~~~~~~~~~~~~~~~^^^^^^^^^^^^^^^^^^^^^^
  File "/ragflow/.venv/lib/python3.13/site-packages/valkey/client.py", line 564, in execute_command
    conn = self.connection or pool.get_connection(command_name, **options)
                              ~~~~~~~~~~~~~~~~~~~^^^^^^^^^^^^^^^^^^^^^^^^^
  File "/ragflow/.venv/lib/python3.13/site-packages/valkey/connection.py", line 1107, in get_connection
    connection.connect()
    ~~~~~~~~~~~~~~~~~~^^
  File "/ragflow/.venv/lib/python3.13/site-packages/valkey/connection.py", line 308, in connect
    raise ConnectionError(self._error_message(e))
valkey.exceptions.ConnectionError: Error -2 connecting to redis:6379. Name or service not known.
2026-08-07 14:51:13,992 ERROR    58 RedisDB.queue_consumer te.1.common got exception: Error -2 connecting to redis:6379. Name or service not known.
Traceback (most recent call last):
  File "/ragflow/rag/svr/task_executor.py", line 212, in collect
    redis_msg = next(UNACKED_ITERATOR)
StopIteration

During handling of the above exception, another exception occurred:

Traceback (most recent call last):
  File "/ragflow/.venv/lib/python3.13/site-packages/valkey/connection.py", line 302, in connect
    sock = self.retry.call_with_retry(
        lambda: self._connect(), lambda error: self.disconnect(error)
    )
  File "/ragflow/.venv/lib/python3.13/site-packages/valkey/retry.py", line 62, in call_with_retry
    return do()
  File "/ragflow/.venv/lib/python3.13/site-packages/valkey/connection.py", line 303, in <lambda>
    lambda: self._connect(), lambda error: self.disconnect(error)
            ~~~~~~~~~~~~~^^
  File "/ragflow/.venv/lib/python3.13/site-packages/valkey/connection.py", line 696, in _connect
    for res in socket.getaddrinfo(
               ~~~~~~~~~~~~~~~~~~^
        self.host, self.port, self.socket_type, socket.SOCK_STREAM
        ^^^^^^^^^^^^^^^^^^^^^^^^^^^^^^^^^^^^^^^^^^^^^^^^^^^^^^^^^^
    ):
    ^
  File "/ragflow/common/ssrf_guard.py", line 57, in _getaddrinfo_with_pins
    return _orig_getaddrinfo(host, port, *args, **kwargs)
  File "/root/.local/share/uv/python/cpython-3.13.11-linux-aarch64-gnu/lib/python3.13/socket.py", line 977, in getaddrinfo
    for res in _socket.getaddrinfo(host, port, family, type, proto, flags):
               ~~~~~~~~~~~~~~~~~~~^^^^^^^^^^^^^^^^^^^^^^^^^^^^^^^^^^^^^^^^
socket.gaierror: [Errno -2] Name or service not known

During handling of the above exception, another exception occurred:

Traceback (most recent call last):
  File "/ragflow/rag/utils/redis_conn.py", line 420, in queue_consumer
    group_info = self.REDIS.xinfo_groups(queue_name)
  File "/ragflow/.venv/lib/python3.13/site-packages/valkey/commands/core.py", line 3810, in xinfo_groups
    return self.execute_command("XINFO GROUPS", name)
           ~~~~~~~~~~~~~~~~~~~~^^^^^^^^^^^^^^^^^^^^^^
  File "/ragflow/.venv/lib/python3.13/site-packages/valkey/client.py", line 564, in execute_command
    conn = self.connection or pool.get_connection(command_name, **options)
                              ~~~~~~~~~~~~~~~~~~~^^^^^^^^^^^^^^^^^^^^^^^^^
  File "/ragflow/.venv/lib/python3.13/site-packages/valkey/connection.py", line 1107, in get_connection
    connection.connect()
    ~~~~~~~~~~~~~~~~~~^^
  File "/ragflow/.venv/lib/python3.13/site-packages/valkey/connection.py", line 308, in connect
    raise ConnectionError(self._error_message(e))
valkey.exceptions.ConnectionError: Error -2 connecting to redis:6379. Name or service not known.
2026-08-07 14:51:13,999 ERROR    58 RedisDB.queue_consumer te.1.common got exception: Error -2 connecting to redis:6379. Name or service not known.
Traceback (most recent call last):
  File "/ragflow/rag/svr/task_executor.py", line 212, in collect
    redis_msg = next(UNACKED_ITERATOR)
StopIteration

During handling of the above exception, another exception occurred:

Traceback (most recent call last):
  File "/ragflow/.venv/lib/python3.13/site-packages/valkey/connection.py", line 302, in connect
    sock = self.retry.call_with_retry(
        lambda: self._connect(), lambda error: self.disconnect(error)
    )
  File "/ragflow/.venv/lib/python3.13/site-packages/valkey/retry.py", line 62, in call_with_retry
    return do()
  File "/ragflow/.venv/lib/python3.13/site-packages/valkey/connection.py", line 303, in <lambda>
    lambda: self._connect(), lambda error: self.disconnect(error)
            ~~~~~~~~~~~~~^^
  File "/ragflow/.venv/lib/python3.13/site-packages/valkey/connection.py", line 696, in _connect
    for res in socket.getaddrinfo(
               ~~~~~~~~~~~~~~~~~~^
        self.host, self.port, self.socket_type, socket.SOCK_STREAM
        ^^^^^^^^^^^^^^^^^^^^^^^^^^^^^^^^^^^^^^^^^^^^^^^^^^^^^^^^^^
    ):
    ^
  File "/ragflow/common/ssrf_guard.py", line 57, in _getaddrinfo_with_pins
    return _orig_getaddrinfo(host, port, *args, **kwargs)
  File "/root/.local/share/uv/python/cpython-3.13.11-linux-aarch64-gnu/lib/python3.13/socket.py", line 977, in getaddrinfo
    for res in _socket.getaddrinfo(host, port, family, type, proto, flags):
               ~~~~~~~~~~~~~~~~~~~^^^^^^^^^^^^^^^^^^^^^^^^^^^^^^^^^^^^^^^^
socket.gaierror: [Errno -2] Name or service not known

During handling of the above exception, another exception occurred:

Traceback (most recent call last):
  File "/ragflow/rag/utils/redis_conn.py", line 420, in queue_consumer
    group_info = self.REDIS.xinfo_groups(queue_name)
  File "/ragflow/.venv/lib/python3.13/site-packages/valkey/commands/core.py", line 3810, in xinfo_groups
    return self.execute_command("XINFO GROUPS", name)
           ~~~~~~~~~~~~~~~~~~~~^^^^^^^^^^^^^^^^^^^^^^
  File "/ragflow/.venv/lib/python3.13/site-packages/valkey/client.py", line 564, in execute_command
    conn = self.connection or pool.get_connection(command_name, **options)
                              ~~~~~~~~~~~~~~~~~~~^^^^^^^^^^^^^^^^^^^^^^^^^
  File "/ragflow/.venv/lib/python3.13/site-packages/valkey/connection.py", line 1107, in get_connection
    connection.connect()
    ~~~~~~~~~~~~~~~~~~^^
  File "/ragflow/.venv/lib/python3.13/site-packages/valkey/connection.py", line 308, in connect
    raise ConnectionError(self._error_message(e))
valkey.exceptions.ConnectionError: Error -2 connecting to redis:6379. Name or service not known.
2026-08-07 14:51:14,002 ERROR    58 RedisDB.queue_consumer te.1.common got exception: Error -2 connecting to redis:6379. Name or service not known.
Traceback (most recent call last):
  File "/ragflow/rag/svr/task_executor.py", line 212, in collect
    redis_msg = next(UNACKED_ITERATOR)
StopIteration

During handling of the above exception, another exception occurred:

Traceback (most recent call last):
  File "/ragflow/.venv/lib/python3.13/site-packages/valkey/connection.py", line 302, in connect
    sock = self.retry.call_with_retry(
        lambda: self._connect(), lambda error: self.disconnect(error)
    )
  File "/ragflow/.venv/lib/python3.13/site-packages/valkey/retry.py", line 62, in call_with_retry
    return do()
  File "/ragflow/.venv/lib/python3.13/site-packages/valkey/connection.py", line 303, in <lambda>
    lambda: self._connect(), lambda error: self.disconnect(error)
            ~~~~~~~~~~~~~^^
  File "/ragflow/.venv/lib/python3.13/site-packages/valkey/connection.py", line 696, in _connect
    for res in socket.getaddrinfo(
               ~~~~~~~~~~~~~~~~~~^
        self.host, self.port, self.socket_type, socket.SOCK_STREAM
        ^^^^^^^^^^^^^^^^^^^^^^^^^^^^^^^^^^^^^^^^^^^^^^^^^^^^^^^^^^
    ):
    ^
  File "/ragflow/common/ssrf_guard.py", line 57, in _getaddrinfo_with_pins
    return _orig_getaddrinfo(host, port, *args, **kwargs)
  File "/root/.local/share/uv/python/cpython-3.13.11-linux-aarch64-gnu/lib/python3.13/socket.py", line 977, in getaddrinfo
    for res in _socket.getaddrinfo(host, port, family, type, proto, flags):
               ~~~~~~~~~~~~~~~~~~~^^^^^^^^^^^^^^^^^^^^^^^^^^^^^^^^^^^^^^^^
socket.gaierror: [Errno -2] Name or service not known

During handling of the above exception, another exception occurred:

Traceback (most recent call last):
  File "/ragflow/rag/utils/redis_conn.py", line 420, in queue_consumer
    group_info = self.REDIS.xinfo_groups(queue_name)
  File "/ragflow/.venv/lib/python3.13/site-packages/valkey/commands/core.py", line 3810, in xinfo_groups
    return self.execute_command("XINFO GROUPS", name)
           ~~~~~~~~~~~~~~~~~~~~^^^^^^^^^^^^^^^^^^^^^^
  File "/ragflow/.venv/lib/python3.13/site-packages/valkey/client.py", line 564, in execute_command
    conn = self.connection or pool.get_connection(command_name, **options)
                              ~~~~~~~~~~~~~~~~~~~^^^^^^^^^^^^^^^^^^^^^^^^^
  File "/ragflow/.venv/lib/python3.13/site-packages/valkey/connection.py", line 1107, in get_connection
    connection.connect()
    ~~~~~~~~~~~~~~~~~~^^
  File "/ragflow/.venv/lib/python3.13/site-packages/valkey/connection.py", line 308, in connect
    raise ConnectionError(self._error_message(e))
valkey.exceptions.ConnectionError: Error -2 connecting to redis:6379. Name or service not known.
2026-08-07 14:51:14,005 ERROR    58 RedisDB.queue_consumer te.0.common got exception: Error -2 connecting to redis:6379. Name or service not known.
Traceback (most recent call last):
  File "/ragflow/rag/svr/task_executor.py", line 212, in collect
    redis_msg = next(UNACKED_ITERATOR)
StopIteration

During handling of the above exception, another exception occurred:

Traceback (most recent call last):
  File "/ragflow/.venv/lib/python3.13/site-packages/valkey/connection.py", line 302, in connect
    sock = self.retry.call_with_retry(
        lambda: self._connect(), lambda error: self.disconnect(error)
    )
  File "/ragflow/.venv/lib/python3.13/site-packages/valkey/retry.py", line 62, in call_with_retry
    return do()
  File "/ragflow/.venv/lib/python3.13/site-packages/valkey/connection.py", line 303, in <lambda>
    lambda: self._connect(), lambda error: self.disconnect(error)
            ~~~~~~~~~~~~~^^
  File "/ragflow/.venv/lib/python3.13/site-packages/valkey/connection.py", line 696, in _connect
    for res in socket.getaddrinfo(
               ~~~~~~~~~~~~~~~~~~^
        self.host, self.port, self.socket_type, socket.SOCK_STREAM
        ^^^^^^^^^^^^^^^^^^^^^^^^^^^^^^^^^^^^^^^^^^^^^^^^^^^^^^^^^^
    ):
    ^
  File "/ragflow/common/ssrf_guard.py", line 57, in _getaddrinfo_with_pins
    return _orig_getaddrinfo(host, port, *args, **kwargs)
  File "/root/.local/share/uv/python/cpython-3.13.11-linux-aarch64-gnu/lib/python3.13/socket.py", line 977, in getaddrinfo
    for res in _socket.getaddrinfo(host, port, family, type, proto, flags):
               ~~~~~~~~~~~~~~~~~~~^^^^^^^^^^^^^^^^^^^^^^^^^^^^^^^^^^^^^^^^
socket.gaierror: [Errno -2] Name or service not known

During handling of the above exception, another exception occurred:

Traceback (most recent call last):
  File "/ragflow/rag/utils/redis_conn.py", line 420, in queue_consumer
    group_info = self.REDIS.xinfo_groups(queue_name)
  File "/ragflow/.venv/lib/python3.13/site-packages/valkey/commands/core.py", line 3810, in xinfo_groups
    return self.execute_command("XINFO GROUPS", name)
           ~~~~~~~~~~~~~~~~~~~~^^^^^^^^^^^^^^^^^^^^^^
  File "/ragflow/.venv/lib/python3.13/site-packages/valkey/client.py", line 564, in execute_command
    conn = self.connection or pool.get_connection(command_name, **options)
                              ~~~~~~~~~~~~~~~~~~~^^^^^^^^^^^^^^^^^^^^^^^^^
  File "/ragflow/.venv/lib/python3.13/site-packages/valkey/connection.py", line 1107, in get_connection
    connection.connect()
    ~~~~~~~~~~~~~~~~~~^^
  File "/ragflow/.venv/lib/python3.13/site-packages/valkey/connection.py", line 308, in connect
    raise ConnectionError(self._error_message(e))
valkey.exceptions.ConnectionError: Error -2 connecting to redis:6379. Name or service not known.
2026-08-07 14:51:14,009 ERROR    58 RedisDB.queue_consumer te.0.common got exception: Error -2 connecting to redis:6379. Name or service not known.
Traceback (most recent call last):
  File "/ragflow/rag/svr/task_executor.py", line 212, in collect
    redis_msg = next(UNACKED_ITERATOR)
StopIteration

During handling of the above exception, another exception occurred:

Traceback (most recent call last):
  File "/ragflow/.venv/lib/python3.13/site-packages/valkey/connection.py", line 302, in connect
    sock = self.retry.call_with_retry(
        lambda: self._connect(), lambda error: self.disconnect(error)
    )
  File "/ragflow/.venv/lib/python3.13/site-packages/valkey/retry.py", line 62, in call_with_retry
    return do()
  File "/ragflow/.venv/lib/python3.13/site-packages/valkey/connection.py", line 303, in <lambda>
    lambda: self._connect(), lambda error: self.disconnect(error)
            ~~~~~~~~~~~~~^^
  File "/ragflow/.venv/lib/python3.13/site-packages/valkey/connection.py", line 696, in _connect
    for res in socket.getaddrinfo(
               ~~~~~~~~~~~~~~~~~~^
        self.host, self.port, self.socket_type, socket.SOCK_STREAM
        ^^^^^^^^^^^^^^^^^^^^^^^^^^^^^^^^^^^^^^^^^^^^^^^^^^^^^^^^^^
    ):
    ^
  File "/ragflow/common/ssrf_guard.py", line 57, in _getaddrinfo_with_pins
    return _orig_getaddrinfo(host, port, *args, **kwargs)
  File "/root/.local/share/uv/python/cpython-3.13.11-linux-aarch64-gnu/lib/python3.13/socket.py", line 977, in getaddrinfo
    for res in _socket.getaddrinfo(host, port, family, type, proto, flags):
               ~~~~~~~~~~~~~~~~~~~^^^^^^^^^^^^^^^^^^^^^^^^^^^^^^^^^^^^^^^^
socket.gaierror: [Errno -2] Name or service not known

During handling of the above exception, another exception occurred:

Traceback (most recent call last):
  File "/ragflow/rag/utils/redis_conn.py", line 420, in queue_consumer
    group_info = self.REDIS.xinfo_groups(queue_name)
  File "/ragflow/.venv/lib/python3.13/site-packages/valkey/commands/core.py", line 3810, in xinfo_groups
    return self.execute_command("XINFO GROUPS", name)
           ~~~~~~~~~~~~~~~~~~~~^^^^^^^^^^^^^^^^^^^^^^
  File "/ragflow/.venv/lib/python3.13/site-packages/valkey/client.py", line 564, in execute_command
    conn = self.connection or pool.get_connection(command_name, **options)
                              ~~~~~~~~~~~~~~~~~~~^^^^^^^^^^^^^^^^^^^^^^^^^
  File "/ragflow/.venv/lib/python3.13/site-packages/valkey/connection.py", line 1107, in get_connection
    connection.connect()
    ~~~~~~~~~~~~~~~~~~^^
  File "/ragflow/.venv/lib/python3.13/site-packages/valkey/connection.py", line 308, in connect
    raise ConnectionError(self._error_message(e))
valkey.exceptions.ConnectionError: Error -2 connecting to redis:6379. Name or service not known.
2026-08-07 14:51:14,013 ERROR    58 RedisDB.queue_consumer te.0.common got exception: Error -2 connecting to redis:6379. Name or service not known.
Traceback (most recent call last):
  File "/ragflow/rag/svr/task_executor.py", line 212, in collect
    redis_msg = next(UNACKED_ITERATOR)
StopIteration

During handling of the above exception, another exception occurred:

Traceback (most recent call last):
  File "/ragflow/.venv/lib/python3.13/site-packages/valkey/connection.py", line 302, in connect
    sock = self.retry.call_with_retry(
        lambda: self._connect(), lambda error: self.disconnect(error)
    )
  File "/ragflow/.venv/lib/python3.13/site-packages/valkey/retry.py", line 62, in call_with_retry
    return do()
  File "/ragflow/.venv/lib/python3.13/site-packages/valkey/connection.py", line 303, in <lambda>
    lambda: self._connect(), lambda error: self.disconnect(error)
            ~~~~~~~~~~~~~^^
  File "/ragflow/.venv/lib/python3.13/site-packages/valkey/connection.py", line 696, in _connect
    for res in socket.getaddrinfo(
               ~~~~~~~~~~~~~~~~~~^
        self.host, self.port, self.socket_type, socket.SOCK_STREAM
        ^^^^^^^^^^^^^^^^^^^^^^^^^^^^^^^^^^^^^^^^^^^^^^^^^^^^^^^^^^
    ):
    ^
  File "/ragflow/common/ssrf_guard.py", line 57, in _getaddrinfo_with_pins
    return _orig_getaddrinfo(host, port, *args, **kwargs)
  File "/root/.local/share/uv/python/cpython-3.13.11-linux-aarch64-gnu/lib/python3.13/socket.py", line 977, in getaddrinfo
    for res in _socket.getaddrinfo(host, port, family, type, proto, flags):
               ~~~~~~~~~~~~~~~~~~~^^^^^^^^^^^^^^^^^^^^^^^^^^^^^^^^^^^^^^^^
socket.gaierror: [Errno -2] Name or service not known

During handling of the above exception, another exception occurred:

Traceback (most recent call last):
  File "/ragflow/rag/utils/redis_conn.py", line 420, in queue_consumer
    group_info = self.REDIS.xinfo_groups(queue_name)
  File "/ragflow/.venv/lib/python3.13/site-packages/valkey/commands/core.py", line 3810, in xinfo_groups
    return self.execute_command("XINFO GROUPS", name)
           ~~~~~~~~~~~~~~~~~~~~^^^^^^^^^^^^^^^^^^^^^^
  File "/ragflow/.venv/lib/python3.13/site-packages/valkey/client.py", line 564, in execute_command
    conn = self.connection or pool.get_connection(command_name, **options)
                              ~~~~~~~~~~~~~~~~~~~^^^^^^^^^^^^^^^^^^^^^^^^^
  File "/ragflow/.venv/lib/python3.13/site-packages/valkey/connection.py", line 1107, in get_connection
    connection.connect()
    ~~~~~~~~~~~~~~~~~~^^
  File "/ragflow/.venv/lib/python3.13/site-packages/valkey/connection.py", line 308, in connect
    raise ConnectionError(self._error_message(e))
valkey.exceptions.ConnectionError: Error -2 connecting to redis:6379. Name or service not known.
2026-08-07 14:51:14,202 ERROR    58 RedisDB.queue_consumer te.1.common got exception: Error -2 connecting to redis:6379. Name or service not known.
Traceback (most recent call last):
  File "/ragflow/rag/svr/task_executor.py", line 212, in collect
    redis_msg = next(UNACKED_ITERATOR)
StopIteration

During handling of the above exception, another exception occurred:

Traceback (most recent call last):
  File "/ragflow/.venv/lib/python3.13/site-packages/valkey/connection.py", line 302, in connect
    sock = self.retry.call_with_retry(
        lambda: self._connect(), lambda error: self.disconnect(error)
    )
  File "/ragflow/.venv/lib/python3.13/site-packages/valkey/retry.py", line 62, in call_with_retry
    return do()
  File "/ragflow/.venv/lib/python3.13/site-packages/valkey/connection.py", line 303, in <lambda>
    lambda: self._connect(), lambda error: self.disconnect(error)
            ~~~~~~~~~~~~~^^
  File "/ragflow/.venv/lib/python3.13/site-packages/valkey/connection.py", line 696, in _connect
    for res in socket.getaddrinfo(
               ~~~~~~~~~~~~~~~~~~^
        self.host, self.port, self.socket_type, socket.SOCK_STREAM
        ^^^^^^^^^^^^^^^^^^^^^^^^^^^^^^^^^^^^^^^^^^^^^^^^^^^^^^^^^^
    ):
    ^
  File "/ragflow/common/ssrf_guard.py", line 57, in _getaddrinfo_with_pins
    return _orig_getaddrinfo(host, port, *args, **kwargs)
  File "/root/.local/share/uv/python/cpython-3.13.11-linux-aarch64-gnu/lib/python3.13/socket.py", line 977, in getaddrinfo
    for res in _socket.getaddrinfo(host, port, family, type, proto, flags):
               ~~~~~~~~~~~~~~~~~~~^^^^^^^^^^^^^^^^^^^^^^^^^^^^^^^^^^^^^^^^
socket.gaierror: [Errno -2] Name or service not known

During handling of the above exception, another exception occurred:

Traceback (most recent call last):
  File "/ragflow/rag/utils/redis_conn.py", line 420, in queue_consumer
    group_info = self.REDIS.xinfo_groups(queue_name)
  File "/ragflow/.venv/lib/python3.13/site-packages/valkey/commands/core.py", line 3810, in xinfo_groups
    return self.execute_command("XINFO GROUPS", name)
           ~~~~~~~~~~~~~~~~~~~~^^^^^^^^^^^^^^^^^^^^^^
  File "/ragflow/.venv/lib/python3.13/site-packages/valkey/client.py", line 564, in execute_command
    conn = self.connection or pool.get_connection(command_name, **options)
                              ~~~~~~~~~~~~~~~~~~~^^^^^^^^^^^^^^^^^^^^^^^^^
  File "/ragflow/.venv/lib/python3.13/site-packages/valkey/connection.py", line 1107, in get_connection
    connection.connect()
    ~~~~~~~~~~~~~~~~~~^^
  File "/ragflow/.venv/lib/python3.13/site-packages/valkey/connection.py", line 308, in connect
    raise ConnectionError(self._error_message(e))
valkey.exceptions.ConnectionError: Error -2 connecting to redis:6379. Name or service not known.
2026-08-07 14:51:14,209 ERROR    58 RedisDB.queue_consumer te.1.common got exception: Error -2 connecting to redis:6379. Name or service not known.
Traceback (most recent call last):
  File "/ragflow/rag/svr/task_executor.py", line 212, in collect
    redis_msg = next(UNACKED_ITERATOR)
StopIteration

During handling of the above exception, another exception occurred:

Traceback (most recent call last):
  File "/ragflow/.venv/lib/python3.13/site-packages/valkey/connection.py", line 302, in connect
    sock = self.retry.call_with_retry(
        lambda: self._connect(), lambda error: self.disconnect(error)
    )
  File "/ragflow/.venv/lib/python3.13/site-packages/valkey/retry.py", line 62, in call_with_retry
    return do()
  File "/ragflow/.venv/lib/python3.13/site-packages/valkey/connection.py", line 303, in <lambda>
    lambda: self._connect(), lambda error: self.disconnect(error)
            ~~~~~~~~~~~~~^^
  File "/ragflow/.venv/lib/python3.13/site-packages/valkey/connection.py", line 696, in _connect
    for res in socket.getaddrinfo(
               ~~~~~~~~~~~~~~~~~~^
        self.host, self.port, self.socket_type, socket.SOCK_STREAM
        ^^^^^^^^^^^^^^^^^^^^^^^^^^^^^^^^^^^^^^^^^^^^^^^^^^^^^^^^^^
    ):
    ^
  File "/ragflow/common/ssrf_guard.py", line 57, in _getaddrinfo_with_pins
    return _orig_getaddrinfo(host, port, *args, **kwargs)
  File "/root/.local/share/uv/python/cpython-3.13.11-linux-aarch64-gnu/lib/python3.13/socket.py", line 977, in getaddrinfo
    for res in _socket.getaddrinfo(host, port, family, type, proto, flags):
               ~~~~~~~~~~~~~~~~~~~^^^^^^^^^^^^^^^^^^^^^^^^^^^^^^^^^^^^^^^^
socket.gaierror: [Errno -2] Name or service not known

During handling of the above exception, another exception occurred:

Traceback (most recent call last):
  File "/ragflow/rag/utils/redis_conn.py", line 420, in queue_consumer
    group_info = self.REDIS.xinfo_groups(queue_name)
  File "/ragflow/.venv/lib/python3.13/site-packages/valkey/commands/core.py", line 3810, in xinfo_groups
    return self.execute_command("XINFO GROUPS", name)
           ~~~~~~~~~~~~~~~~~~~~^^^^^^^^^^^^^^^^^^^^^^
  File "/ragflow/.venv/lib/python3.13/site-packages/valkey/client.py", line 564, in execute_command
    conn = self.connection or pool.get_connection(command_name, **options)
                              ~~~~~~~~~~~~~~~~~~~^^^^^^^^^^^^^^^^^^^^^^^^^
  File "/ragflow/.venv/lib/python3.13/site-packages/valkey/connection.py", line 1107, in get_connection
    connection.connect()
    ~~~~~~~~~~~~~~~~~~^^
  File "/ragflow/.venv/lib/python3.13/site-packages/valkey/connection.py", line 308, in connect
    raise ConnectionError(self._error_message(e))
valkey.exceptions.ConnectionError: Error -2 connecting to redis:6379. Name or service not known.
2026-08-07 14:51:14,213 ERROR    58 RedisDB.queue_consumer te.1.common got exception: Error -2 connecting to redis:6379. Name or service not known.
Traceback (most recent call last):
  File "/ragflow/rag/svr/task_executor.py", line 212, in collect
    redis_msg = next(UNACKED_ITERATOR)
StopIteration

During handling of the above exception, another exception occurred:

Traceback (most recent call last):
  File "/ragflow/.venv/lib/python3.13/site-packages/valkey/connection.py", line 302, in connect
    sock = self.retry.call_with_retry(
        lambda: self._connect(), lambda error: self.disconnect(error)
    )
  File "/ragflow/.venv/lib/python3.13/site-packages/valkey/retry.py", line 62, in call_with_retry
    return do()
  File "/ragflow/.venv/lib/python3.13/site-packages/valkey/connection.py", line 303, in <lambda>
    lambda: self._connect(), lambda error: self.disconnect(error)
            ~~~~~~~~~~~~~^^
  File "/ragflow/.venv/lib/python3.13/site-packages/valkey/connection.py", line 696, in _connect
    for res in socket.getaddrinfo(
               ~~~~~~~~~~~~~~~~~~^
        self.host, self.port, self.socket_type, socket.SOCK_STREAM
        ^^^^^^^^^^^^^^^^^^^^^^^^^^^^^^^^^^^^^^^^^^^^^^^^^^^^^^^^^^
    ):
    ^
  File "/ragflow/common/ssrf_guard.py", line 57, in _getaddrinfo_with_pins
    return _orig_getaddrinfo(host, port, *args, **kwargs)
  File "/root/.local/share/uv/python/cpython-3.13.11-linux-aarch64-gnu/lib/python3.13/socket.py", line 977, in getaddrinfo
    for res in _socket.getaddrinfo(host, port, family, type, proto, flags):
               ~~~~~~~~~~~~~~~~~~~^^^^^^^^^^^^^^^^^^^^^^^^^^^^^^^^^^^^^^^^
socket.gaierror: [Errno -2] Name or service not known

During handling of the above exception, another exception occurred:

Traceback (most recent call last):
  File "/ragflow/rag/utils/redis_conn.py", line 420, in queue_consumer
    group_info = self.REDIS.xinfo_groups(queue_name)
  File "/ragflow/.venv/lib/python3.13/site-packages/valkey/commands/core.py", line 3810, in xinfo_groups
    return self.execute_command("XINFO GROUPS", name)
           ~~~~~~~~~~~~~~~~~~~~^^^^^^^^^^^^^^^^^^^^^^
  File "/ragflow/.venv/lib/python3.13/site-packages/valkey/client.py", line 564, in execute_command
    conn = self.connection or pool.get_connection(command_name, **options)
                              ~~~~~~~~~~~~~~~~~~~^^^^^^^^^^^^^^^^^^^^^^^^^
  File "/ragflow/.venv/lib/python3.13/site-packages/valkey/connection.py", line 1107, in get_connection
    connection.connect()
    ~~~~~~~~~~~~~~~~~~^^
  File "/ragflow/.venv/lib/python3.13/site-packages/valkey/connection.py", line 308, in connect
    raise ConnectionError(self._error_message(e))
valkey.exceptions.ConnectionError: Error -2 connecting to redis:6379. Name or service not known.
2026-08-07 14:51:14,216 ERROR    58 RedisDB.queue_consumer te.0.common got exception: Error -2 connecting to redis:6379. Name or service not known.
Traceback (most recent call last):
  File "/ragflow/rag/svr/task_executor.py", line 212, in collect
    redis_msg = next(UNACKED_ITERATOR)
StopIteration

During handling of the above exception, another exception occurred:

Traceback (most recent call last):
  File "/ragflow/.venv/lib/python3.13/site-packages/valkey/connection.py", line 302, in connect
    sock = self.retry.call_with_retry(
        lambda: self._connect(), lambda error: self.disconnect(error)
    )
  File "/ragflow/.venv/lib/python3.13/site-packages/valkey/retry.py", line 62, in call_with_retry
    return do()
  File "/ragflow/.venv/lib/python3.13/site-packages/valkey/connection.py", line 303, in <lambda>
    lambda: self._connect(), lambda error: self.disconnect(error)
            ~~~~~~~~~~~~~^^
  File "/ragflow/.venv/lib/python3.13/site-packages/valkey/connection.py", line 696, in _connect
    for res in socket.getaddrinfo(
               ~~~~~~~~~~~~~~~~~~^
        self.host, self.port, self.socket_type, socket.SOCK_STREAM
        ^^^^^^^^^^^^^^^^^^^^^^^^^^^^^^^^^^^^^^^^^^^^^^^^^^^^^^^^^^
    ):
    ^
  File "/ragflow/common/ssrf_guard.py", line 57, in _getaddrinfo_with_pins
    return _orig_getaddrinfo(host, port, *args, **kwargs)
  File "/root/.local/share/uv/python/cpython-3.13.11-linux-aarch64-gnu/lib/python3.13/socket.py", line 977, in getaddrinfo
    for res in _socket.getaddrinfo(host, port, family, type, proto, flags):
               ~~~~~~~~~~~~~~~~~~~^^^^^^^^^^^^^^^^^^^^^^^^^^^^^^^^^^^^^^^^
socket.gaierror: [Errno -2] Name or service not known

During handling of the above exception, another exception occurred:

Traceback (most recent call last):
  File "/ragflow/rag/utils/redis_conn.py", line 420, in queue_consumer
    group_info = self.REDIS.xinfo_groups(queue_name)
  File "/ragflow/.venv/lib/python3.13/site-packages/valkey/commands/core.py", line 3810, in xinfo_groups
    return self.execute_command("XINFO GROUPS", name)
           ~~~~~~~~~~~~~~~~~~~~^^^^^^^^^^^^^^^^^^^^^^
  File "/ragflow/.venv/lib/python3.13/site-packages/valkey/client.py", line 564, in execute_command
    conn = self.connection or pool.get_connection(command_name, **options)
                              ~~~~~~~~~~~~~~~~~~~^^^^^^^^^^^^^^^^^^^^^^^^^
  File "/ragflow/.venv/lib/python3.13/site-packages/valkey/connection.py", line 1107, in get_connection
    connection.connect()
    ~~~~~~~~~~~~~~~~~~^^
  File "/ragflow/.venv/lib/python3.13/site-packages/valkey/connection.py", line 308, in connect
    raise ConnectionError(self._error_message(e))
valkey.exceptions.ConnectionError: Error -2 connecting to redis:6379. Name or service not known.
2026-08-07 14:51:14,219 ERROR    58 RedisDB.queue_consumer te.0.common got exception: Error -2 connecting to redis:6379. Name or service not known.
Traceback (most recent call last):
  File "/ragflow/rag/svr/task_executor.py", line 212, in collect
    redis_msg = next(UNACKED_ITERATOR)
StopIteration

During handling of the above exception, another exception occurred:

Traceback (most recent call last):
  File "/ragflow/.venv/lib/python3.13/site-packages/valkey/connection.py", line 302, in connect
    sock = self.retry.call_with_retry(
        lambda: self._connect(), lambda error: self.disconnect(error)
    )
  File "/ragflow/.venv/lib/python3.13/site-packages/valkey/retry.py", line 62, in call_with_retry
    return do()
  File "/ragflow/.venv/lib/python3.13/site-packages/valkey/connection.py", line 303, in <lambda>
    lambda: self._connect(), lambda error: self.disconnect(error)
            ~~~~~~~~~~~~~^^
  File "/ragflow/.venv/lib/python3.13/site-packages/valkey/connection.py", line 696, in _connect
    for res in socket.getaddrinfo(
               ~~~~~~~~~~~~~~~~~~^
        self.host, self.port, self.socket_type, socket.SOCK_STREAM
        ^^^^^^^^^^^^^^^^^^^^^^^^^^^^^^^^^^^^^^^^^^^^^^^^^^^^^^^^^^
    ):
    ^
  File "/ragflow/common/ssrf_guard.py", line 57, in _getaddrinfo_with_pins
    return _orig_getaddrinfo(host, port, *args, **kwargs)
  File "/root/.local/share/uv/python/cpython-3.13.11-linux-aarch64-gnu/lib/python3.13/socket.py", line 977, in getaddrinfo
    for res in _socket.getaddrinfo(host, port, family, type, proto, flags):
               ~~~~~~~~~~~~~~~~~~~^^^^^^^^^^^^^^^^^^^^^^^^^^^^^^^^^^^^^^^^
socket.gaierror: [Errno -2] Name or service not known

During handling of the above exception, another exception occurred:

Traceback (most recent call last):
  File "/ragflow/rag/utils/redis_conn.py", line 420, in queue_consumer
    group_info = self.REDIS.xinfo_groups(queue_name)
  File "/ragflow/.venv/lib/python3.13/site-packages/valkey/commands/core.py", line 3810, in xinfo_groups
    return self.execute_command("XINFO GROUPS", name)
           ~~~~~~~~~~~~~~~~~~~~^^^^^^^^^^^^^^^^^^^^^^
  File "/ragflow/.venv/lib/python3.13/site-packages/valkey/client.py", line 564, in execute_command
    conn = self.connection or pool.get_connection(command_name, **options)
                              ~~~~~~~~~~~~~~~~~~~^^^^^^^^^^^^^^^^^^^^^^^^^
  File "/ragflow/.venv/lib/python3.13/site-packages/valkey/connection.py", line 1107, in get_connection
    connection.connect()
    ~~~~~~~~~~~~~~~~~~^^
  File "/ragflow/.venv/lib/python3.13/site-packages/valkey/connection.py", line 308, in connect
    raise ConnectionError(self._error_message(e))
valkey.exceptions.ConnectionError: Error -2 connecting to redis:6379. Name or service not known.
2026-08-07 14:51:14,222 ERROR    58 RedisDB.queue_consumer te.0.common got exception: Error -2 connecting to redis:6379. Name or service not known.
Traceback (most recent call last):
  File "/ragflow/rag/svr/task_executor.py", line 212, in collect
    redis_msg = next(UNACKED_ITERATOR)
StopIteration

During handling of the above exception, another exception occurred:

Traceback (most recent call last):
  File "/ragflow/.venv/lib/python3.13/site-packages/valkey/connection.py", line 302, in connect
    sock = self.retry.call_with_retry(
        lambda: self._connect(), lambda error: self.disconnect(error)
    )
  File "/ragflow/.venv/lib/python3.13/site-packages/valkey/retry.py", line 62, in call_with_retry
    return do()
  File "/ragflow/.venv/lib/python3.13/site-packages/valkey/connection.py", line 303, in <lambda>
    lambda: self._connect(), lambda error: self.disconnect(error)
            ~~~~~~~~~~~~~^^
  File "/ragflow/.venv/lib/python3.13/site-packages/valkey/connection.py", line 696, in _connect
    for res in socket.getaddrinfo(
               ~~~~~~~~~~~~~~~~~~^
        self.host, self.port, self.socket_type, socket.SOCK_STREAM
        ^^^^^^^^^^^^^^^^^^^^^^^^^^^^^^^^^^^^^^^^^^^^^^^^^^^^^^^^^^
    ):
    ^
  File "/ragflow/common/ssrf_guard.py", line 57, in _getaddrinfo_with_pins
    return _orig_getaddrinfo(host, port, *args, **kwargs)
  File "/root/.local/share/uv/python/cpython-3.13.11-linux-aarch64-gnu/lib/python3.13/socket.py", line 977, in getaddrinfo
    for res in _socket.getaddrinfo(host, port, family, type, proto, flags):
               ~~~~~~~~~~~~~~~~~~~^^^^^^^^^^^^^^^^^^^^^^^^^^^^^^^^^^^^^^^^
socket.gaierror: [Errno -2] Name or service not known

During handling of the above exception, another exception occurred:

Traceback (most recent call last):
  File "/ragflow/rag/utils/redis_conn.py", line 420, in queue_consumer
    group_info = self.REDIS.xinfo_groups(queue_name)
  File "/ragflow/.venv/lib/python3.13/site-packages/valkey/commands/core.py", line 3810, in xinfo_groups
    return self.execute_command("XINFO GROUPS", name)
           ~~~~~~~~~~~~~~~~~~~~^^^^^^^^^^^^^^^^^^^^^^
  File "/ragflow/.venv/lib/python3.13/site-packages/valkey/client.py", line 564, in execute_command
    conn = self.connection or pool.get_connection(command_name, **options)
                              ~~~~~~~~~~~~~~~~~~~^^^^^^^^^^^^^^^^^^^^^^^^^
  File "/ragflow/.venv/lib/python3.13/site-packages/valkey/connection.py", line 1107, in get_connection
    connection.connect()
    ~~~~~~~~~~~~~~~~~~^^
  File "/ragflow/.venv/lib/python3.13/site-packages/valkey/connection.py", line 308, in connect
    raise ConnectionError(self._error_message(e))
valkey.exceptions.ConnectionError: Error -2 connecting to redis:6379. Name or service not known.
